{
"lengthUnit": "mil",
"components": {
	"fields": ["COMPONENT_NO", "COMPONENT_NAME", "LAYER", "X_COORDINATE", "Y_COORDINATE", "ANGLE"],
	"rows": [
		[1, "H1", "B", 175, -550, 180],
		[2, "U5", "T", 155, -320, 0],
		[3, "U6", "B", 160, -120, 180]
	]
},
"pins": {
	"fields": ["PIN_NO", "PIN_NAME", "PIN_X", "PIN_Y", "LAYER", "PIN_TYPE", "NET_NAME", "NET_TYPE", "PAD_SHAPE", "PAD_SIZEX", "PAD_SIZEY", "HOLE_SIZE", "PAD_ANGLE"],
	"rows": [
		[1, "H1_1", 275, -550, "T", "DIP", "+5V", "", "R", 70.87, 70.87, 43.31, 180],
		[2, "H1_1", 275, -550, "B", "DIP", "+5V", "", "R", 70.87, 70.87, 43.31, 180],
		[3, "H1_2", 175, -550, "T", "DIP", "GND", "GND", "C", 70.87, 70.87, 43.31, 180],
		[4, "H1_2", 175, -550, "B", "DIP", "GND", "GND", "C", 70.87, 70.87, 43.31, 180],
		[5, "H1_3", 75, -550, "T", "DIP", "#RESET", "", "C", 70.87, 70.87, 43.31, 180],
		[6, "H1_3", 75, -550, "B", "DIP", "#RESET", "", "C", 70.87, 70.87, 43.31, 180],
		[7, "U5_1", 198.31, -357.39, "T", "SMD", "$1N402", "", "R", 23.62, 39.37, 0, 90],
		[8, "U5_2", 198.31, -320, "T", "SMD", "GND", "GND", "R", 23.62, 39.37, 0, 90],
		[9, "U5_3", 198.31, -282.61, "T", "SMD", "+5V", "", "R", 23.62, 39.37, 0, 90],
		[10, "U5_4", 111.69, -282.59, "T", "SMD", "+5V", "", "R", 23.62, 39.37, 0, 90],
		[11, "U5_5", 111.69, -357.4, "T", "SMD", "#RESET", "", "R", 23.62, 39.37, 0, 90],
		[12, "U6_1", 210, -120, "T", "DIP", "+5V", "", "R", 70.87, 70.87, 40.16, 180],
		[13, "U6_1", 210, -120, "B", "DIP", "+5V", "", "R", 70.87, 70.87, 40.16, 180],
		[14, "U6_2", 110, -120, "T", "DIP", "$1N402", "", "C", 70.87, 70.87, 40.16, 180],
		[15, "U6_2", 110, -120, "B", "DIP", "$1N402", "", "C", 70.87, 70.87, 40.16, 180]
	]
}
}