{
"lengthUnit": "mil",
"components": {
	"fields": ["COMPONENT_NO", "COMPONENT_NAME", "LAYER", "X_COORDINATE", "Y_COORDINATE", "ANGLE"],
	"rows": [
		[1, "H1", "B", 145, -225, 90],
		[2, "H2", "B", 645, -225, 270],
		[3, "LED17", "T", 505, -75, 180],
		[4, "LED18", "T", 505, -175, 180],
		[5, "LED19", "T", 505, -275, 180],
		[6, "LED20", "T", 505, -375, 180],
		[7, "RN11", "T", 320, -230, 270]
	]
},
"pins": {
	"fields": ["PIN_NO", "PIN_NAME", "PIN_X", "PIN_Y", "LAYER", "PIN_TYPE", "NET_NAME", "NET_TYPE", "PAD_SHAPE", "PAD_SIZEX", "PAD_SIZEY", "HOLE_SIZE", "PAD_ANGLE"],
	"rows": [
		[1, "H1_1", 145, -375, "T", "DIP", "$1N376", "", "R", 66.93, 66.93, 43.31, 90],
		[2, "H1_1", 145, -375, "B", "DIP", "$1N376", "", "R", 66.93, 66.93, 43.31, 90],
		[3, "H1_2", 145, -275, "T", "DIP", "$1N378", "", "C", 66.93, 66.93, 43.31, 90],
		[4, "H1_2", 145, -275, "B", "DIP", "$1N378", "", "C", 66.93, 66.93, 43.31, 90],
		[5, "H1_3", 145, -175, "T", "DIP", "$1N380", "", "C", 66.93, 66.93, 43.31, 90],
		[6, "H1_3", 145, -175, "B", "DIP", "$1N380", "", "C", 66.93, 66.93, 43.31, 90],
		[7, "H1_4", 145, -75, "T", "DIP", "$1N382", "", "C", 66.93, 66.93, 43.31, 90],
		[8, "H1_4", 145, -75, "B", "DIP", "$1N382", "", "C", 66.93, 66.93, 43.31, 90],
		[9, "H2_1", 645, -75, "T", "DIP", "$1N368", "", "R", 66.93, 66.93, 43.31, 270],
		[10, "H2_1", 645, -75, "B", "DIP", "$1N368", "", "R", 66.93, 66.93, 43.31, 270],
		[11, "H2_2", 645, -175, "T", "DIP", "$1N370", "", "C", 66.93, 66.93, 43.31, 270],
		[12, "H2_2", 645, -175, "B", "DIP", "$1N370", "", "C", 66.93, 66.93, 43.31, 270],
		[13, "H2_3", 645, -275, "T", "DIP", "$1N372", "", "C", 66.93, 66.93, 43.31, 270],
		[14, "H2_3", 645, -275, "B", "DIP", "$1N372", "", "C", 66.93, 66.93, 43.31, 270],
		[15, "H2_4", 645, -375, "T", "DIP", "$1N374", "", "C", 66.93, 66.93, 43.31, 270],
		[16, "H2_4", 645, -375, "B", "DIP", "$1N374", "", "C", 66.93, 66.93, 43.31, 270],
		[17, "LED17_1", 536.48, -74.87, "T", "SMD", "$1N368", "", "R", 31.5, 31.5, 0, 270],
		[18, "LED17_2", 473.52, -75.14, "T", "SMD", "$1N186", "", "R", 31.5, 31.5, 0, 270],
		[19, "LED18_1", 536.48, -174.87, "T", "SMD", "$1N370", "", "R", 31.5, 31.5, 0, 270],
		[20, "LED18_2", 473.52, -175.14, "T", "SMD", "$1N229", "", "R", 31.5, 31.5, 0, 270],
		[21, "LED19_1", 536.48, -274.87, "T", "SMD", "$1N372", "", "R", 31.5, 31.5, 0, 270],
		[22, "LED19_2", 473.52, -275.14, "T", "SMD", "$1N272", "", "R", 31.5, 31.5, 0, 270],
		[23, "LED20_1", 536.48, -374.87, "T", "SMD", "$1N374", "", "R", 31.5, 31.5, 0, 270],
		[24, "LED20_2", 473.52, -375.14, "T", "SMD", "$1N315", "", "R", 31.5, 31.5, 0, 270],
		[25, "RN11_1", 284.57, -182.76, "T", "SMD", "$1N382", "", "R", 25.59, 31.5, 0, 270],
		[26, "RN11_2", 284.57, -214.25, "T", "SMD", "$1N380", "", "R", 19.68, 31.5, 0, 270],
		[27, "RN11_3", 284.57, -245.75, "T", "SMD", "$1N378", "", "R", 19.68, 31.5, 0, 270],
		[28, "RN11_4", 284.57, -277.24, "T", "SMD", "$1N376", "", "R", 25.59, 31.5, 0, 270],
		[29, "RN11_5", 355.44, -277.24, "T", "SMD", "$1N315", "", "R", 25.59, 31.5, 0, 270],
		[30, "RN11_6", 355.44, -245.75, "T", "SMD", "$1N272", "", "R", 19.68, 31.5, 0, 270],
		[31, "RN11_7", 355.44, -214.25, "T", "SMD", "$1N229", "", "R", 19.68, 31.5, 0, 270],
		[32, "RN11_8", 355.44, -182.76, "T", "SMD", "$1N186", "", "R", 25.59, 31.5, 0, 270]
	]
}
}