{
"lengthUnit": "mil",
"components": {
	"fields": ["COMPONENT_NO", "COMPONENT_NAME", "LAYER", "X_COORDINATE", "Y_COORDINATE", "ANGLE"],
	"rows": [
		[1, "C2", "T", 700, -125, 270],
		[2, "C3", "B", 225, -200, 0],
		[3, "D1", "T", 800, -450, 90],
		[4, "D2", "T", 700, -350, 90],
		[5, "D3", "T", 650, -500, 180],
		[6, "D4", "T", 500, -450, 90],
		[7, "H1", "T", 400, -600, 0],
		[8, "U5", "T", 525, -175, 0],
		[9, "U6", "T", 225, -200, 0]
	]
},
"pins": {
	"fields": ["PIN_NO", "PIN_NAME", "PIN_X", "PIN_Y", "LAYER", "PIN_TYPE", "NET_NAME", "NET_TYPE", "PAD_SHAPE", "PAD_SIZEX", "PAD_SIZEY", "HOLE_SIZE", "PAD_ANGLE"],
	"rows": [
		[1, "C2_1", 700, -62.3, "T", "SMD", "+5V", "", "R", 58.47, 68.03, 0, 270],
		[2, "C2_2", 700, -187.7, "T", "SMD", "$1N508", "", "R", 58.47, 68.03, 0, 270],
		[3, "C3_1", 185.63, -200, "B", "SMD", "+5V-SB", "", "R", 55.51, 53.15, 0, 0],
		[4, "C3_2", 264.37, -200, "B", "SMD", "GND", "GND", "R", 55.51, 53.15, 0, 0],
		[5, "D1_1", 800, -511.02, "T", "SMD", "RST", "", "R", 39.37, 47.24, 0, 90],
		[6, "D1_2", 800, -388.98, "T", "SMD", "$1N497", "", "R", 39.37, 47.24, 0, 90],
		[7, "D2_1", 700, -411.02, "T", "SMD", "RST", "", "R", 39.37, 47.24, 0, 90],
		[8, "D2_2", 700, -288.98, "T", "SMD", "$1N494", "", "R", 39.37, 47.24, 0, 90],
		[9, "D3_1", 711.02, -500, "T", "SMD", "RST", "", "R", 39.37, 47.24, 0, 180],
		[10, "D3_2", 588.98, -500, "T", "SMD", "SW2", "", "R", 39.37, 47.24, 0, 180],
		[11, "D4_1", 500, -511.02, "T", "SMD", "SW1", "", "R", 39.37, 47.24, 0, 90],
		[12, "D4_2", 500, -388.98, "T", "SMD", "+5V", "", "R", 39.37, 47.24, 0, 90],
		[13, "H1_1", 100, -600, "T", "DIP", "+5V-SB", "", "R", 70.87, 70.87, 43.31, 0],
		[14, "H1_1", 100, -600, "B", "DIP", "+5V-SB", "", "R", 70.87, 70.87, 43.31, 0],
		[15, "H1_2", 200, -600, "T", "DIP", "GND", "GND", "C", 70.87, 70.87, 43.31, 0],
		[16, "H1_2", 200, -600, "B", "DIP", "GND", "GND", "C", 70.87, 70.87, 43.31, 0],
		[17, "H1_3", 300, -600, "T", "DIP", "+5V", "", "C", 70.87, 70.87, 43.31, 0],
		[18, "H1_3", 300, -600, "B", "DIP", "+5V", "", "C", 70.87, 70.87, 43.31, 0],
		[19, "H1_4", 400, -600, "T", "DIP", "PWR-OK", "", "C", 70.87, 70.87, 43.31, 0],
		[20, "H1_4", 400, -600, "B", "DIP", "PWR-OK", "", "C", 70.87, 70.87, 43.31, 0],
		[21, "H1_5", 500, -600, "T", "DIP", "SW1", "", "C", 70.87, 70.87, 43.31, 0],
		[22, "H1_5", 500, -600, "B", "DIP", "SW1", "", "C", 70.87, 70.87, 43.31, 0],
		[23, "H1_6", 600, -600, "T", "DIP", "SW2", "", "C", 70.87, 70.87, 43.31, 0],
		[24, "H1_6", 600, -600, "B", "DIP", "SW2", "", "C", 70.87, 70.87, 43.31, 0],
		[25, "H1_7", 700, -600, "T", "DIP", "RST", "", "C", 70.87, 70.87, 43.31, 0],
		[26, "H1_7", 700, -600, "B", "DIP", "RST", "", "C", 70.87, 70.87, 43.31, 0],
		[27, "U5_1", 568.31, -212.39, "T", "SMD", "$1N508", "", "R", 23.62, 39.37, 0, 90],
		[28, "U5_2", 568.31, -175, "T", "SMD", "GND", "GND", "R", 23.62, 39.37, 0, 90],
		[29, "U5_3", 568.31, -137.61, "T", "SMD", "+5V", "", "R", 23.62, 39.37, 0, 90],
		[30, "U5_4", 481.69, -137.59, "T", "SMD", "+5V", "", "R", 23.62, 39.37, 0, 90],
		[31, "U5_5", 481.69, -212.41, "T", "SMD", "$1N502", "", "R", 23.62, 39.37, 0, 90],
		[32, "U6_1", 75, -307.63, "T", "SMD", "U6_1", "", "O", 23.43, 77.46, 0, 0],
		[33, "U6_2", 125, -307.63, "T", "SMD", "U6_2", "", "O", 23.43, 77.46, 0, 0],
		[34, "U6_3", 175, -307.63, "T", "SMD", "$1N502", "", "O", 23.43, 77.46, 0, 0],
		[35, "U6_4", 225, -307.63, "T", "SMD", "$1N497", "", "O", 23.43, 77.46, 0, 0],
		[36, "U6_5", 275, -307.63, "T", "SMD", "PWR-OK", "", "O", 23.43, 77.46, 0, 0],
		[37, "U6_6", 325, -307.63, "T", "SMD", "$1N494", "", "O", 23.43, 77.46, 0, 0],
		[38, "U6_7", 375, -307.63, "T", "SMD", "GND", "GND", "O", 23.43, 77.46, 0, 0],
		[39, "U6_8", 375, -92.37, "T", "SMD", "U6_8", "", "O", 23.43, 77.46, 0, 0],
		[40, "U6_9", 325, -92.37, "T", "SMD", "U6_9", "", "O", 23.43, 77.46, 0, 0],
		[41, "U6_10", 275, -92.37, "T", "SMD", "U6_10", "", "O", 23.43, 77.46, 0, 0],
		[42, "U6_11", 225, -92.37, "T", "SMD", "U6_11", "", "O", 23.43, 77.46, 0, 0],
		[43, "U6_12", 175, -92.37, "T", "SMD", "U6_12", "", "O", 23.43, 77.46, 0, 0],
		[44, "U6_13", 125, -92.37, "T", "SMD", "U6_13", "", "O", 23.43, 77.46, 0, 0],
		[45, "U6_14", 75, -92.37, "T", "SMD", "+5V-SB", "", "O", 23.43, 77.46, 0, 0]
	]
}
}