{
"lengthUnit": "mil",
"components": {
	"fields": ["COMPONENT_NO", "COMPONENT_NAME", "LAYER", "X_COORDINATE", "Y_COORDINATE", "ANGLE"],
	"rows": [
		[1, "C4", "B", 600, -420, 270],
		[2, "U2", "T", 600, -425, 270],
		[3, "U3", "B", 240, -420, 270],
		[4, "U4", "B", 940, -420, 90]
	]
},
"pins": {
	"fields": ["PIN_NO", "PIN_NAME", "PIN_X", "PIN_Y", "LAYER", "PIN_TYPE", "NET_NAME", "NET_TYPE", "PAD_SHAPE", "PAD_SIZEX", "PAD_SIZEY", "HOLE_SIZE", "PAD_ANGLE"],
	"rows": [
		[1, "C4_1", 600, -380.63, "B", "SMD", "VCC", "", "R", 55.51, 53.15, 0, 270],
		[2, "C4_2", 600, -459.37, "B", "SMD", "GND", "GND", "R", 55.51, 53.15, 0, 270],
		[3, "U2_1", 412.98, -250, "T", "SMD", "A-IN", "", "O", 22.6, 94.51, 0, 270],
		[4, "U2_2", 412.98, -300, "T", "SMD", "B-OUT", "", "O", 22.6, 94.51, 0, 270],
		[5, "U2_3", 412.98, -350, "T", "SMD", "C-IN", "", "O", 22.6, 94.51, 0, 270],
		[6, "U2_4", 412.98, -400, "T", "SMD", "D-OUT", "", "O", 22.6, 94.51, 0, 270],
		[7, "U2_5", 412.98, -450, "T", "SMD", "E-IN", "", "O", 22.6, 94.51, 0, 270],
		[8, "U2_6", 412.98, -500, "T", "SMD", "F-OUT", "", "O", 22.6, 94.51, 0, 270],
		[9, "U2_7", 412.98, -550, "T", "SMD", "OSC-IN", "", "O", 22.6, 94.51, 0, 270],
		[10, "U2_8", 412.98, -600, "T", "SMD", "GND", "GND", "O", 22.6, 94.51, 0, 270],
		[11, "U2_9", 787.02, -600, "T", "SMD", "OSC-OUT", "", "O", 22.6, 94.51, 0, 270],
		[12, "U2_10", 787.02, -550, "T", "SMD", "F-IN", "", "O", 22.6, 94.51, 0, 270],
		[13, "U2_11", 787.02, -500, "T", "SMD", "E-OUT", "", "O", 22.6, 94.51, 0, 270],
		[14, "U2_12", 787.02, -450, "T", "SMD", "D-IN", "", "O", 22.6, 94.51, 0, 270],
		[15, "U2_13", 787.02, -400, "T", "SMD", "C-OUT", "", "O", 22.6, 94.51, 0, 270],
		[16, "U2_14", 787.02, -350, "T", "SMD", "B-IN", "", "O", 22.6, 94.51, 0, 270],
		[17, "U2_15", 787.02, -300, "T", "SMD", "A-OUT", "", "O", 22.6, 94.51, 0, 270],
		[18, "U2_16", 787.02, -250, "T", "SMD", "VCC", "", "O", 22.6, 94.51, 0, 270],
		[19, "U3_1", 240, -70, "T", "DIP", "A-IN", "", "R", 59.05, 59.05, 39.37, 270],
		[20, "U3_1", 240, -70, "B", "DIP", "A-IN", "", "R", 59.05, 59.05, 39.37, 270],
		[21, "U3_2", 240, -170, "T", "DIP", "B-OUT", "", "C", 59.05, 59.05, 39.37, 270],
		[22, "U3_2", 240, -170, "B", "DIP", "B-OUT", "", "C", 59.05, 59.05, 39.37, 270],
		[23, "U3_3", 240, -270, "T", "DIP", "C-IN", "", "C", 59.05, 59.05, 39.37, 270],
		[24, "U3_3", 240, -270, "B", "DIP", "C-IN", "", "C", 59.05, 59.05, 39.37, 270],
		[25, "U3_4", 240, -370, "T", "DIP", "D-OUT", "", "C", 59.05, 59.05, 39.37, 270],
		[26, "U3_4", 240, -370, "B", "DIP", "D-OUT", "", "C", 59.05, 59.05, 39.37, 270],
		[27, "U3_5", 240, -470, "T", "DIP", "E-IN", "", "C", 59.05, 59.05, 39.37, 270],
		[28, "U3_5", 240, -470, "B", "DIP", "E-IN", "", "C", 59.05, 59.05, 39.37, 270],
		[29, "U3_6", 240, -570, "T", "DIP", "F-OUT", "", "C", 59.05, 59.05, 39.37, 270],
		[30, "U3_6", 240, -570, "B", "DIP", "F-OUT", "", "C", 59.05, 59.05, 39.37, 270],
		[31, "U3_7", 240, -670, "T", "DIP", "OSC-IN", "", "C", 59.05, 59.05, 39.37, 270],
		[32, "U3_7", 240, -670, "B", "DIP", "OSC-IN", "", "C", 59.05, 59.05, 39.37, 270],
		[33, "U3_8", 240, -770, "T", "DIP", "GND", "GND", "C", 59.05, 59.05, 39.37, 270],
		[34, "U3_8", 240, -770, "B", "DIP", "GND", "GND", "C", 59.05, 59.05, 39.37, 270],
		[35, "U4_1", 940, -770, "T", "DIP", "OSC-OUT", "", "R", 59.05, 59.05, 39.37, 90],
		[36, "U4_1", 940, -770, "B", "DIP", "OSC-OUT", "", "R", 59.05, 59.05, 39.37, 90],
		[37, "U4_2", 940, -670, "T", "DIP", "F-IN", "", "C", 59.05, 59.05, 39.37, 90],
		[38, "U4_2", 940, -670, "B", "DIP", "F-IN", "", "C", 59.05, 59.05, 39.37, 90],
		[39, "U4_3", 940, -570, "T", "DIP", "E-OUT", "", "C", 59.05, 59.05, 39.37, 90],
		[40, "U4_3", 940, -570, "B", "DIP", "E-OUT", "", "C", 59.05, 59.05, 39.37, 90],
		[41, "U4_4", 940, -470, "T", "DIP", "D-IN", "", "C", 59.05, 59.05, 39.37, 90],
		[42, "U4_4", 940, -470, "B", "DIP", "D-IN", "", "C", 59.05, 59.05, 39.37, 90],
		[43, "U4_5", 940, -370, "T", "DIP", "C-OUT", "", "C", 59.05, 59.05, 39.37, 90],
		[44, "U4_5", 940, -370, "B", "DIP", "C-OUT", "", "C", 59.05, 59.05, 39.37, 90],
		[45, "U4_6", 940, -270, "T", "DIP", "B-IN", "", "C", 59.05, 59.05, 39.37, 90],
		[46, "U4_6", 940, -270, "B", "DIP", "B-IN", "", "C", 59.05, 59.05, 39.37, 90],
		[47, "U4_7", 940, -170, "T", "DIP", "A-OUT", "", "C", 59.05, 59.05, 39.37, 90],
		[48, "U4_7", 940, -170, "B", "DIP", "A-OUT", "", "C", 59.05, 59.05, 39.37, 90],
		[49, "U4_8", 940, -70, "T", "DIP", "VCC", "", "C", 59.05, 59.05, 39.37, 90],
		[50, "U4_8", 940, -70, "B", "DIP", "VCC", "", "C", 59.05, 59.05, 39.37, 90]
	]
}
}