{
"lengthUnit": "mil",
"components": {
	"fields": ["COMPONENT_NO", "COMPONENT_NAME", "LAYER", "X_COORDINATE", "Y_COORDINATE", "ANGLE"],
	"rows": [
		[1, "C2", "T", 2750, -920, 0],
		[2, "C3", "T", 3505, -560, 0],
		[3, "C4", "T", 2295, -355, 0],
		[4, "CN1", "T", 1073.16, -288.31, 0],
		[5, "H1", "T", 1150.7, -1125.7, 270],
		[6, "H2", "T", 250.7, -1125.7, 270],
		[7, "H3", "T", 2900, -140, 0],
		[8, "LED1", "T", 1450, -1500, 270],
		[9, "LED2", "T", 1525, -1500, 270],
		[10, "LED3", "T", 1600, -1500, 270],
		[11, "LED4", "T", 1675, -1500, 270],
		[12, "LED5", "T", 1750, -1500, 270],
		[13, "LED6", "T", 1825, -1500, 270],
		[14, "LED7", "T", 1900, -1500, 270],
		[15, "LED8", "T", 1975, -1500, 270],
		[16, "LED9", "T", 2050, -1500, 270],
		[17, "LED10", "T", 2125, -1500, 270],
		[18, "LED11", "T", 2200, -1500, 270],
		[19, "LED12", "T", 2275, -1500, 270],
		[20, "LED13", "T", 2350, -1500, 270],
		[21, "LED14", "T", 2425, -1500, 270],
		[22, "LED15", "T", 2500, -1500, 270],
		[23, "LED16", "T", 2575, -1500, 270],
		[24, "LED17", "T", 1675, -1325, 270],
		[25, "LED18", "T", 1600, -1325, 270],
		[26, "LED19", "T", 1525, -1325, 270],
		[27, "LED20", "T", 1450, -1325, 270],
		[28, "LED21", "T", 1975, -1325, 270],
		[29, "LED22", "T", 1900, -1325, 270],
		[30, "LED23", "T", 1825, -1325, 270],
		[31, "LED24", "T", 1750, -1325, 270],
		[32, "LED25", "T", 2275, -1325, 270],
		[33, "LED26", "T", 2200, -1325, 270],
		[34, "LED27", "T", 2125, -1325, 270],
		[35, "LED28", "T", 2050, -1325, 270],
		[36, "LED29", "T", 2575, -1325, 270],
		[37, "LED30", "T", 2500, -1325, 270],
		[38, "LED31", "T", 2425, -1325, 270],
		[39, "LED32", "T", 2350, -1325, 270],
		[40, "LED33", "T", 2575, -1175, 90],
		[41, "LED34", "T", 2500, -1175, 90],
		[42, "LED35", "T", 2425, -1175, 90],
		[43, "LED36", "T", 2350, -1175, 90],
		[44, "LED37", "T", 2275, -1175, 90],
		[45, "LED38", "T", 2200, -1175, 90],
		[46, "LED39", "T", 2125, -1175, 90],
		[47, "LED40", "T", 2050, -1175, 90],
		[48, "LED41", "T", 1675, -1175, 90],
		[49, "LED42", "T", 1600, -1175, 90],
		[50, "LED43", "T", 1525, -1175, 90],
		[51, "LED44", "T", 1450, -1175, 90],
		[52, "Power", "T", 2900, -1850, 0],
		[53, "R1", "T", 1050, -1015, 90],
		[54, "R2", "T", 970, -1015, 90],
		[55, "R3", "T", 890, -1015, 90],
		[56, "R4", "T", 810, -1015, 90],
		[57, "R5", "T", 730, -1015, 90],
		[58, "R6", "T", 650, -1015, 90],
		[59, "R7", "T", 570, -1015, 90],
		[60, "R8", "T", 490, -1015, 90],
		[61, "R9", "B", 3775, -1900, 0],
		[62, "R10", "B", 3775, -1820, 0],
		[63, "R11", "B", 3775, -1740, 0],
		[64, "R12", "B", 3775, -1660, 0],
		[65, "R13", "B", 3775, -1580, 0],
		[66, "R14", "B", 3775, -1500, 0],
		[67, "R15", "B", 3775, -1420, 0],
		[68, "R16", "B", 3775, -1340, 0],
		[69, "R17", "B", 3775, -1260, 0],
		[70, "R18", "B", 3775, -1180, 0],
		[71, "R19", "B", 3775, -1100, 0],
		[72, "R20", "B", 3775, -1020, 0],
		[73, "R21", "B", 3775, -940, 0],
		[74, "R22", "B", 3775, -860, 0],
		[75, "R23", "B", 3775, -780, 0],
		[76, "R24", "B", 3775, -700, 0],
		[77, "R25", "T", 2320, -645, 90],
		[78, "R26", "T", 2240, -645, 90],
		[79, "R27", "T", 2160, -645, 90],
		[80, "R28", "T", 2080, -645, 90],
		[81, "R29", "T", 2000, -645, 90],
		[82, "R30", "T", 1920, -645, 90],
		[83, "R31", "T", 1840, -645, 90],
		[84, "R32", "T", 1760, -645, 90],
		[85, "R33", "T", 2315, -985, 90],
		[86, "R34", "T", 2235, -985, 90],
		[87, "R35", "T", 2155, -985, 90],
		[88, "R36", "T", 2075, -985, 90],
		[89, "R37", "T", 1995, -985, 90],
		[90, "R38", "T", 1915, -985, 90],
		[91, "R39", "T", 1835, -985, 90],
		[92, "R40", "T", 1755, -985, 90],
		[93, "R41", "T", 215, -1480, 180],
		[94, "R42", "T", 215, -1560, 180],
		[95, "R43", "T", 215, -1640, 180],
		[96, "R44", "T", 215, -1720, 180],
		[97, "Reset", "T", 3350, -1850, 0],
		[98, "RN12", "T", 1550, -825, 0],
		[99, "RN13", "B", 2475, -1700, 0],
		[100, "RN14", "B", 2175, -1700, 0],
		[101, "RN15", "B", 1850, -1700, 0],
		[102, "RN16", "B", 1550, -1700, 0],
		[103, "RN17", "B", 825, -1700, 0],
		[104, "RN18", "B", 1125, -1700, 0],
		[105, "RN19", "T", 2475, -1700, 180],
		[106, "RN20", "T", 2175, -1700, 180],
		[107, "RN21", "T", 1850, -1700, 180],
		[108, "RN22", "T", 1550, -1700, 180],
		[109, "U1", "T", 670, -1865, 0],
		[110, "U2", "T", 2005, -1865, 0],
		[111, "U3", "T", 2900, -520, 0]
	]
},
"pins": {
	"fields": ["PIN_NO", "PIN_NAME", "PIN_X", "PIN_Y", "LAYER", "PIN_TYPE", "NET_NAME", "NET_TYPE", "PAD_SHAPE", "PAD_SIZEX", "PAD_SIZEY", "HOLE_SIZE", "PAD_ANGLE"],
	"rows": [
		[1, "C2_1", 2681.1, -920, "T", "DIP", "+5V", "", "C", 62.99, 62.99, 39.37, 90],
		[2, "C2_1", 2681.1, -920, "B", "DIP", "+5V", "", "C", 62.99, 62.99, 39.37, 90],
		[3, "C2_2", 2818.9, -920, "T", "DIP", "GND", "GND", "C", 62.99, 62.99, 39.37, 90],
		[4, "C2_2", 2818.9, -920, "B", "DIP", "GND", "GND", "C", 62.99, 62.99, 39.37, 90],
		[5, "C3_1", 3436.1, -560, "T", "DIP", "+5V-SB", "", "C", 62.99, 62.99, 39.37, 90],
		[6, "C3_1", 3436.1, -560, "B", "DIP", "+5V-SB", "", "C", 62.99, 62.99, 39.37, 90],
		[7, "C3_2", 3573.9, -560, "T", "DIP", "GND", "GND", "C", 62.99, 62.99, 39.37, 90],
		[8, "C3_2", 3573.9, -560, "B", "DIP", "GND", "GND", "C", 62.99, 62.99, 39.37, 90],
		[9, "C4_1", 2226.1, -355, "T", "DIP", "+3.3V", "", "C", 62.99, 62.99, 39.37, 90],
		[10, "C4_1", 2226.1, -355, "B", "DIP", "+3.3V", "", "C", 62.99, 62.99, 39.37, 90],
		[11, "C4_2", 2363.9, -355, "T", "DIP", "GND", "GND", "C", 62.99, 62.99, 39.37, 90],
		[12, "C4_2", 2363.9, -355, "B", "DIP", "GND", "GND", "C", 62.99, 62.99, 39.37, 90],
		[13, "CN1_1", 163.71, -180.04, "T", "DIP", "+3.3V", "", "C", 114.17, 114.17, 59.06, 0],
		[14, "CN1_1", 163.71, -180.04, "B", "DIP", "+3.3V", "", "C", 114.17, 114.17, 59.06, 0],
		[15, "CN1_2", 329.07, -180.04, "T", "DIP", "+3.3V", "", "C", 114.17, 114.17, 59.06, 0],
		[16, "CN1_2", 329.07, -180.04, "B", "DIP", "+3.3V", "", "C", 114.17, 114.17, 59.06, 0],
		[17, "CN1_3", 494.42, -180.04, "T", "DIP", "GND", "GND", "C", 114.17, 114.17, 59.06, 0],
		[18, "CN1_3", 494.42, -180.04, "B", "DIP", "GND", "GND", "C", 114.17, 114.17, 59.06, 0],
		[19, "CN1_4", 659.78, -180.04, "T", "DIP", "+5V", "", "C", 114.17, 114.17, 59.06, 0],
		[20, "CN1_4", 659.78, -180.04, "B", "DIP", "+5V", "", "C", 114.17, 114.17, 59.06, 0],
		[21, "CN1_5", 825.13, -180.04, "T", "DIP", "GND", "GND", "C", 114.17, 114.17, 59.06, 0],
		[22, "CN1_5", 825.13, -180.04, "B", "DIP", "GND", "GND", "C", 114.17, 114.17, 59.06, 0],
		[23, "CN1_6", 990.48, -180.04, "T", "DIP", "+5V", "", "C", 114.17, 114.17, 59.06, 0],
		[24, "CN1_6", 990.48, -180.04, "B", "DIP", "+5V", "", "C", 114.17, 114.17, 59.06, 0],
		[25, "CN1_7", 1155.84, -180.04, "T", "DIP", "GND", "GND", "C", 114.17, 114.17, 59.06, 0],
		[26, "CN1_7", 1155.84, -180.04, "B", "DIP", "GND", "GND", "C", 114.17, 114.17, 59.06, 0],
		[27, "CN1_8", 1321.19, -180.04, "T", "DIP", "PWR-OK", "", "C", 114.17, 114.17, 59.06, 0],
		[28, "CN1_8", 1321.19, -180.04, "B", "DIP", "PWR-OK", "", "C", 114.17, 114.17, 59.06, 0],
		[29, "CN1_9", 1486.55, -180.04, "T", "DIP", "+5V-SB", "", "C", 114.17, 114.17, 59.06, 0],
		[30, "CN1_9", 1486.55, -180.04, "B", "DIP", "+5V-SB", "", "C", 114.17, 114.17, 59.06, 0],
		[31, "CN1_10", 1651.9, -180.04, "T", "DIP", "CN1_10", "", "C", 114.17, 114.17, 59.06, 0],
		[32, "CN1_10", 1651.9, -180.04, "B", "DIP", "CN1_10", "", "C", 114.17, 114.17, 59.06, 0],
		[33, "CN1_11", 1817.25, -180.04, "T", "DIP", "CN1_11", "", "C", 114.17, 114.17, 59.06, 0],
		[34, "CN1_11", 1817.25, -180.04, "B", "DIP", "CN1_11", "", "C", 114.17, 114.17, 59.06, 0],
		[35, "CN1_12", 1982.61, -180.04, "T", "DIP", "+3.3V", "", "C", 114.17, 114.17, 59.06, 0],
		[36, "CN1_12", 1982.61, -180.04, "B", "DIP", "+3.3V", "", "C", 114.17, 114.17, 59.06, 0],
		[37, "CN1_13", 163.71, -396.58, "T", "DIP", "+3.3V", "", "C", 114.17, 114.17, 59.06, 0],
		[38, "CN1_13", 163.71, -396.58, "B", "DIP", "+3.3V", "", "C", 114.17, 114.17, 59.06, 0],
		[39, "CN1_14", 329.07, -396.58, "T", "DIP", "CN1_14", "", "C", 114.17, 114.17, 59.06, 0],
		[40, "CN1_14", 329.07, -396.58, "B", "DIP", "CN1_14", "", "C", 114.17, 114.17, 59.06, 0],
		[41, "CN1_15", 494.42, -396.58, "T", "DIP", "GND", "GND", "C", 114.17, 114.17, 59.06, 0],
		[42, "CN1_15", 494.42, -396.58, "B", "DIP", "GND", "GND", "C", 114.17, 114.17, 59.06, 0],
		[43, "CN1_16", 659.78, -396.58, "T", "DIP", "PS-ON#", "", "C", 114.17, 114.17, 59.06, 0],
		[44, "CN1_16", 659.78, -396.58, "B", "DIP", "PS-ON#", "", "C", 114.17, 114.17, 59.06, 0],
		[45, "CN1_17", 825.13, -396.58, "T", "DIP", "GND", "GND", "C", 114.17, 114.17, 59.06, 0],
		[46, "CN1_17", 825.13, -396.58, "B", "DIP", "GND", "GND", "C", 114.17, 114.17, 59.06, 0],
		[47, "CN1_18", 990.48, -396.58, "T", "DIP", "GND", "GND", "C", 114.17, 114.17, 59.06, 0],
		[48, "CN1_18", 990.48, -396.58, "B", "DIP", "GND", "GND", "C", 114.17, 114.17, 59.06, 0],
		[49, "CN1_19", 1155.84, -396.58, "T", "DIP", "GND", "GND", "C", 114.17, 114.17, 59.06, 0],
		[50, "CN1_19", 1155.84, -396.58, "B", "DIP", "GND", "GND", "C", 114.17, 114.17, 59.06, 0],
		[51, "CN1_20", 1321.19, -396.58, "T", "DIP", "CN1_20", "", "C", 114.17, 114.17, 59.06, 0],
		[52, "CN1_20", 1321.19, -396.58, "B", "DIP", "CN1_20", "", "C", 114.17, 114.17, 59.06, 0],
		[53, "CN1_21", 1486.55, -396.58, "T", "DIP", "+5V", "", "C", 114.17, 114.17, 59.06, 0],
		[54, "CN1_21", 1486.55, -396.58, "B", "DIP", "+5V", "", "C", 114.17, 114.17, 59.06, 0],
		[55, "CN1_22", 1651.9, -396.58, "T", "DIP", "+5V", "", "C", 114.17, 114.17, 59.06, 0],
		[56, "CN1_22", 1651.9, -396.58, "B", "DIP", "+5V", "", "C", 114.17, 114.17, 59.06, 0],
		[57, "CN1_23", 1817.25, -396.58, "T", "DIP", "+5V", "", "C", 114.17, 114.17, 59.06, 0],
		[58, "CN1_23", 1817.25, -396.58, "B", "DIP", "+5V", "", "C", 114.17, 114.17, 59.06, 0],
		[59, "CN1_24", 1982.61, -396.58, "T", "DIP", "GND", "GND", "C", 114.17, 114.17, 59.06, 0],
		[60, "CN1_24", 1982.61, -396.58, "B", "DIP", "GND", "GND", "C", 114.17, 114.17, 59.06, 0],
		[61, "H1_1", 1150.7, -975.7, "T", "DIP", "GND", "GND", "R", 66.93, 66.93, 43.31, 270],
		[62, "H1_1", 1150.7, -975.7, "B", "DIP", "GND", "GND", "R", 66.93, 66.93, 43.31, 270],
		[63, "H1_2", 1150.7, -1075.7, "T", "DIP", "RST", "", "C", 66.93, 66.93, 43.31, 270],
		[64, "H1_2", 1150.7, -1075.7, "B", "DIP", "RST", "", "C", 66.93, 66.93, 43.31, 270],
		[65, "H1_3", 1150.7, -1175.7, "T", "DIP", "H1_3", "", "C", 66.93, 66.93, 43.31, 270],
		[66, "H1_3", 1150.7, -1175.7, "B", "DIP", "H1_3", "", "C", 66.93, 66.93, 43.31, 270],
		[67, "H1_4", 1150.7, -1275.7, "T", "DIP", "+5V", "", "C", 66.93, 66.93, 43.31, 270],
		[68, "H1_4", 1150.7, -1275.7, "B", "DIP", "+5V", "", "C", 66.93, 66.93, 43.31, 270],
		[69, "H2_1", 250.7, -975.7, "T", "DIP", "+3.3V", "", "R", 66.93, 66.93, 43.31, 270],
		[70, "H2_1", 250.7, -975.7, "B", "DIP", "+3.3V", "", "R", 66.93, 66.93, 43.31, 270],
		[71, "H2_2", 250.7, -1075.7, "T", "DIP", "HLT", "", "C", 66.93, 66.93, 43.31, 270],
		[72, "H2_2", 250.7, -1075.7, "B", "DIP", "HLT", "", "C", 66.93, 66.93, 43.31, 270],
		[73, "H2_3", 250.7, -1175.7, "T", "DIP", "CLK#", "", "C", 66.93, 66.93, 43.31, 270],
		[74, "H2_3", 250.7, -1175.7, "B", "DIP", "CLK#", "", "C", 66.93, 66.93, 43.31, 270],
		[75, "H2_4", 250.7, -1275.7, "T", "DIP", "CLK", "", "C", 66.93, 66.93, 43.31, 270],
		[76, "H2_4", 250.7, -1275.7, "B", "DIP", "CLK", "", "C", 66.93, 66.93, 43.31, 270],
		[77, "H3_1", 2700, -140, "T", "DIP", "+5V-SB", "", "R", 62, 62, 40.16, 0],
		[78, "H3_1", 2700, -140, "B", "DIP", "+5V-SB", "", "R", 62, 62, 40.16, 0],
		[79, "H3_2", 2800, -140, "T", "DIP", "PWR-SW1", "", "C", 62, 62, 40.16, 0],
		[80, "H3_2", 2800, -140, "B", "DIP", "PWR-SW1", "", "C", 62, 62, 40.16, 0],
		[81, "H3_3", 2900, -140, "T", "DIP", "PWR-SW2", "", "C", 62, 62, 40.16, 0],
		[82, "H3_3", 2900, -140, "B", "DIP", "PWR-SW2", "", "C", 62, 62, 40.16, 0],
		[83, "H3_4", 3000, -140, "T", "DIP", "GND", "GND", "C", 62, 62, 40.16, 0],
		[84, "H3_4", 3000, -140, "B", "DIP", "GND", "GND", "C", 62, 62, 40.16, 0],
		[85, "H3_5", 3100, -140, "T", "DIP", "PS-ON#", "", "C", 62, 62, 40.16, 0],
		[86, "H3_5", 3100, -140, "B", "DIP", "PS-ON#", "", "C", 62, 62, 40.16, 0],
		[87, "LED1_1", 1449.87, -1468.52, "T", "SMD", "GND", "GND", "R", 31.5, 31.5, 0, 0],
		[88, "LED1_2", 1450.14, -1531.48, "T", "SMD", "$1N17484", "", "R", 31.5, 31.5, 0, 0],
		[89, "LED2_1", 1524.87, -1468.52, "T", "SMD", "GND", "GND", "R", 31.5, 31.5, 0, 0],
		[90, "LED2_2", 1525.14, -1531.48, "T", "SMD", "$1N17486", "", "R", 31.5, 31.5, 0, 0],
		[91, "LED3_1", 1599.87, -1468.52, "T", "SMD", "GND", "GND", "R", 31.5, 31.5, 0, 0],
		[92, "LED3_2", 1600.14, -1531.48, "T", "SMD", "$1N17488", "", "R", 31.5, 31.5, 0, 0],
		[93, "LED4_1", 1674.87, -1468.52, "T", "SMD", "GND", "GND", "R", 31.5, 31.5, 0, 0],
		[94, "LED4_2", 1675.14, -1531.48, "T", "SMD", "$1N17490", "", "R", 31.5, 31.5, 0, 0],
		[95, "LED5_1", 1749.87, -1468.52, "T", "SMD", "GND", "GND", "R", 31.5, 31.5, 0, 0],
		[96, "LED5_2", 1750.14, -1531.48, "T", "SMD", "$1N17422", "", "R", 31.5, 31.5, 0, 0],
		[97, "LED6_1", 1824.87, -1468.52, "T", "SMD", "GND", "GND", "R", 31.5, 31.5, 0, 0],
		[98, "LED6_2", 1825.14, -1531.48, "T", "SMD", "$1N17424", "", "R", 31.5, 31.5, 0, 0],
		[99, "LED7_1", 1899.87, -1468.52, "T", "SMD", "GND", "GND", "R", 31.5, 31.5, 0, 0],
		[100, "LED7_2", 1900.14, -1531.48, "T", "SMD", "$1N17426", "", "R", 31.5, 31.5, 0, 0],
		[101, "LED8_1", 1974.87, -1468.52, "T", "SMD", "GND", "GND", "R", 31.5, 31.5, 0, 0],
		[102, "LED8_2", 1975.14, -1531.48, "T", "SMD", "$1N17428", "", "R", 31.5, 31.5, 0, 0],
		[103, "LED9_1", 2049.87, -1468.52, "T", "SMD", "GND", "GND", "R", 31.5, 31.5, 0, 0],
		[104, "LED9_2", 2050.14, -1531.48, "T", "SMD", "$1N17360", "", "R", 31.5, 31.5, 0, 0],
		[105, "LED10_1", 2124.87, -1468.52, "T", "SMD", "GND", "GND", "R", 31.5, 31.5, 0, 0],
		[106, "LED10_2", 2125.14, -1531.48, "T", "SMD", "$1N17362", "", "R", 31.5, 31.5, 0, 0],
		[107, "LED11_1", 2199.87, -1468.52, "T", "SMD", "GND", "GND", "R", 31.5, 31.5, 0, 0],
		[108, "LED11_2", 2200.14, -1531.48, "T", "SMD", "$1N17364", "", "R", 31.5, 31.5, 0, 0],
		[109, "LED12_1", 2274.87, -1468.52, "T", "SMD", "GND", "GND", "R", 31.5, 31.5, 0, 0],
		[110, "LED12_2", 2275.14, -1531.48, "T", "SMD", "$1N17366", "", "R", 31.5, 31.5, 0, 0],
		[111, "LED13_1", 2349.87, -1468.52, "T", "SMD", "GND", "GND", "R", 31.5, 31.5, 0, 0],
		[112, "LED13_2", 2350.14, -1531.48, "T", "SMD", "$1N17298", "", "R", 31.5, 31.5, 0, 0],
		[113, "LED14_1", 2424.87, -1468.52, "T", "SMD", "GND", "GND", "R", 31.5, 31.5, 0, 0],
		[114, "LED14_2", 2425.14, -1531.48, "T", "SMD", "$1N17300", "", "R", 31.5, 31.5, 0, 0],
		[115, "LED15_1", 2499.87, -1468.52, "T", "SMD", "GND", "GND", "R", 31.5, 31.5, 0, 0],
		[116, "LED15_2", 2500.14, -1531.48, "T", "SMD", "$1N17302", "", "R", 31.5, 31.5, 0, 0],
		[117, "LED16_1", 2574.87, -1468.52, "T", "SMD", "GND", "GND", "R", 31.5, 31.5, 0, 0],
		[118, "LED16_2", 2575.14, -1531.48, "T", "SMD", "$1N17304", "", "R", 31.5, 31.5, 0, 0],
		[119, "LED17_1", 1674.87, -1293.52, "T", "SMD", "GND", "GND", "R", 31.5, 31.5, 0, 0],
		[120, "LED17_2", 1675.14, -1356.48, "T", "SMD", "$1N17040", "", "R", 31.5, 31.5, 0, 0],
		[121, "LED18_1", 1599.87, -1293.52, "T", "SMD", "GND", "GND", "R", 31.5, 31.5, 0, 0],
		[122, "LED18_2", 1600.14, -1356.48, "T", "SMD", "$1N17042", "", "R", 31.5, 31.5, 0, 0],
		[123, "LED19_1", 1524.87, -1293.52, "T", "SMD", "GND", "GND", "R", 31.5, 31.5, 0, 0],
		[124, "LED19_2", 1525.14, -1356.48, "T", "SMD", "$1N17044", "", "R", 31.5, 31.5, 0, 0],
		[125, "LED20_1", 1449.87, -1293.52, "T", "SMD", "GND", "GND", "R", 31.5, 31.5, 0, 0],
		[126, "LED20_2", 1450.14, -1356.48, "T", "SMD", "$1N17046", "", "R", 31.5, 31.5, 0, 0],
		[127, "LED21_1", 1974.87, -1293.52, "T", "SMD", "GND", "GND", "R", 31.5, 31.5, 0, 0],
		[128, "LED21_2", 1975.14, -1356.48, "T", "SMD", "$1N16978", "", "R", 31.5, 31.5, 0, 0],
		[129, "LED22_1", 1899.87, -1293.52, "T", "SMD", "GND", "GND", "R", 31.5, 31.5, 0, 0],
		[130, "LED22_2", 1900.14, -1356.48, "T", "SMD", "$1N16980", "", "R", 31.5, 31.5, 0, 0],
		[131, "LED23_1", 1824.87, -1293.52, "T", "SMD", "GND", "GND", "R", 31.5, 31.5, 0, 0],
		[132, "LED23_2", 1825.14, -1356.48, "T", "SMD", "$1N16982", "", "R", 31.5, 31.5, 0, 0],
		[133, "LED24_1", 1749.87, -1293.52, "T", "SMD", "GND", "GND", "R", 31.5, 31.5, 0, 0],
		[134, "LED24_2", 1750.14, -1356.48, "T", "SMD", "$1N16984", "", "R", 31.5, 31.5, 0, 0],
		[135, "LED25_1", 2274.87, -1293.52, "T", "SMD", "GND", "GND", "R", 31.5, 31.5, 0, 0],
		[136, "LED25_2", 2275.14, -1356.48, "T", "SMD", "$1N16916", "", "R", 31.5, 31.5, 0, 0],
		[137, "LED26_1", 2199.87, -1293.52, "T", "SMD", "GND", "GND", "R", 31.5, 31.5, 0, 0],
		[138, "LED26_2", 2200.14, -1356.48, "T", "SMD", "$1N16918", "", "R", 31.5, 31.5, 0, 0],
		[139, "LED27_1", 2124.87, -1293.52, "T", "SMD", "GND", "GND", "R", 31.5, 31.5, 0, 0],
		[140, "LED27_2", 2125.14, -1356.48, "T", "SMD", "$1N16920", "", "R", 31.5, 31.5, 0, 0],
		[141, "LED28_1", 2049.87, -1293.52, "T", "SMD", "GND", "GND", "R", 31.5, 31.5, 0, 0],
		[142, "LED28_2", 2050.14, -1356.48, "T", "SMD", "$1N16922", "", "R", 31.5, 31.5, 0, 0],
		[143, "LED29_1", 2574.87, -1293.52, "T", "SMD", "GND", "GND", "R", 31.5, 31.5, 0, 0],
		[144, "LED29_2", 2575.14, -1356.48, "T", "SMD", "$1N16854", "", "R", 31.5, 31.5, 0, 0],
		[145, "LED30_1", 2499.87, -1293.52, "T", "SMD", "GND", "GND", "R", 31.5, 31.5, 0, 0],
		[146, "LED30_2", 2500.14, -1356.48, "T", "SMD", "$1N16856", "", "R", 31.5, 31.5, 0, 0],
		[147, "LED31_1", 2424.87, -1293.52, "T", "SMD", "GND", "GND", "R", 31.5, 31.5, 0, 0],
		[148, "LED31_2", 2425.14, -1356.48, "T", "SMD", "$1N16858", "", "R", 31.5, 31.5, 0, 0],
		[149, "LED32_1", 2349.87, -1293.52, "T", "SMD", "GND", "GND", "R", 31.5, 31.5, 0, 0],
		[150, "LED32_2", 2350.14, -1356.48, "T", "SMD", "$1N16860", "", "R", 31.5, 31.5, 0, 0],
		[151, "LED33_1", 2575.13, -1206.48, "T", "SMD", "GND", "GND", "R", 31.5, 31.5, 0, 180],
		[152, "LED33_2", 2574.86, -1143.52, "T", "SMD", "$1N17212", "", "R", 31.5, 31.5, 0, 180],
		[153, "LED34_1", 2500.13, -1206.48, "T", "SMD", "GND", "GND", "R", 31.5, 31.5, 0, 180],
		[154, "LED34_2", 2499.86, -1143.52, "T", "SMD", "$1N17214", "", "R", 31.5, 31.5, 0, 180],
		[155, "LED35_1", 2425.13, -1206.48, "T", "SMD", "GND", "GND", "R", 31.5, 31.5, 0, 180],
		[156, "LED35_2", 2424.86, -1143.52, "T", "SMD", "$1N17216", "", "R", 31.5, 31.5, 0, 180],
		[157, "LED36_1", 2350.13, -1206.48, "T", "SMD", "GND", "GND", "R", 31.5, 31.5, 0, 180],
		[158, "LED36_2", 2349.86, -1143.52, "T", "SMD", "$1N17218", "", "R", 31.5, 31.5, 0, 180],
		[159, "LED37_1", 2275.13, -1206.48, "T", "SMD", "GND", "GND", "R", 31.5, 31.5, 0, 180],
		[160, "LED37_2", 2274.86, -1143.52, "T", "SMD", "$1N17150", "", "R", 31.5, 31.5, 0, 180],
		[161, "LED38_1", 2200.13, -1206.48, "T", "SMD", "GND", "GND", "R", 31.5, 31.5, 0, 180],
		[162, "LED38_2", 2199.86, -1143.52, "T", "SMD", "$1N17152", "", "R", 31.5, 31.5, 0, 180],
		[163, "LED39_1", 2125.13, -1206.48, "T", "SMD", "GND", "GND", "R", 31.5, 31.5, 0, 180],
		[164, "LED39_2", 2124.86, -1143.52, "T", "SMD", "$1N17154", "", "R", 31.5, 31.5, 0, 180],
		[165, "LED40_1", 2050.13, -1206.48, "T", "SMD", "GND", "GND", "R", 31.5, 31.5, 0, 180],
		[166, "LED40_2", 2049.86, -1143.52, "T", "SMD", "$1N17156", "", "R", 31.5, 31.5, 0, 180],
		[167, "LED41_1", 1675.13, -1206.48, "T", "SMD", "GND", "GND", "R", 31.5, 31.5, 0, 180],
		[168, "LED41_2", 1674.86, -1143.52, "T", "SMD", "$1N16792", "", "R", 31.5, 31.5, 0, 180],
		[169, "LED42_1", 1600.13, -1206.48, "T", "SMD", "GND", "GND", "R", 31.5, 31.5, 0, 180],
		[170, "LED42_2", 1599.86, -1143.52, "T", "SMD", "$1N16794", "", "R", 31.5, 31.5, 0, 180],
		[171, "LED43_1", 1525.13, -1206.48, "T", "SMD", "GND", "GND", "R", 31.5, 31.5, 0, 180],
		[172, "LED43_2", 1524.86, -1143.52, "T", "SMD", "$1N16796", "", "R", 31.5, 31.5, 0, 180],
		[173, "LED44_1", 1450.13, -1206.48, "T", "SMD", "GND", "GND", "R", 31.5, 31.5, 0, 180],
		[174, "LED44_2", 1449.86, -1143.52, "T", "SMD", "$1N16798", "", "R", 31.5, 31.5, 0, 180],
		[175, "Power_1", 2742.52, -1850, "T", "SMD", "PWR-SW1", "", "R", 74.8, 59.05, 0, 0],
		[176, "Power_2", 3057.48, -1850, "T", "SMD", "PWR-SW2", "", "R", 74.8, 59.05, 0, 0],
		[177, "R1_1", 1050, -1054.37, "T", "SMD", "C0", "", "R", 44.59, 54.21, 0, 90],
		[178, "R1_2", 1050, -975.63, "T", "SMD", "GND", "GND", "R", 44.59, 54.21, 0, 90],
		[179, "R2_1", 970, -1054.37, "T", "SMD", "C1", "", "R", 44.59, 54.21, 0, 90],
		[180, "R2_2", 970, -975.63, "T", "SMD", "GND", "GND", "R", 44.59, 54.21, 0, 90],
		[181, "R3_1", 890, -1054.37, "T", "SMD", "C2", "", "R", 44.59, 54.21, 0, 90],
		[182, "R3_2", 890, -975.63, "T", "SMD", "GND", "GND", "R", 44.59, 54.21, 0, 90],
		[183, "R4_1", 810, -1054.37, "T", "SMD", "C3", "", "R", 44.59, 54.21, 0, 90],
		[184, "R4_2", 810, -975.63, "T", "SMD", "GND", "GND", "R", 44.59, 54.21, 0, 90],
		[185, "R5_1", 730, -1054.37, "T", "SMD", "C4", "", "R", 44.59, 54.21, 0, 90],
		[186, "R5_2", 730, -975.63, "T", "SMD", "GND", "GND", "R", 44.59, 54.21, 0, 90],
		[187, "R6_1", 650, -1054.37, "T", "SMD", "C5", "", "R", 44.59, 54.21, 0, 90],
		[188, "R6_2", 650, -975.63, "T", "SMD", "GND", "GND", "R", 44.59, 54.21, 0, 90],
		[189, "R7_1", 570, -1054.37, "T", "SMD", "C6", "", "R", 44.59, 54.21, 0, 90],
		[190, "R7_2", 570, -975.63, "T", "SMD", "GND", "GND", "R", 44.59, 54.21, 0, 90],
		[191, "R8_1", 490, -1054.37, "T", "SMD", "C7", "", "R", 44.59, 54.21, 0, 90],
		[192, "R8_2", 490, -975.63, "T", "SMD", "GND", "GND", "R", 44.59, 54.21, 0, 90],
		[193, "R9_1", 3735.63, -1900, "B", "SMD", "D0", "", "R", 44.59, 54.21, 0, 0],
		[194, "R9_2", 3814.37, -1900, "B", "SMD", "GND", "GND", "R", 44.59, 54.21, 0, 0],
		[195, "R10_1", 3735.63, -1820, "B", "SMD", "D1", "", "R", 44.59, 54.21, 0, 0],
		[196, "R10_2", 3814.37, -1820, "B", "SMD", "GND", "GND", "R", 44.59, 54.21, 0, 0],
		[197, "R11_1", 3735.63, -1740, "B", "SMD", "D2", "", "R", 44.59, 54.21, 0, 0],
		[198, "R11_2", 3814.37, -1740, "B", "SMD", "GND", "GND", "R", 44.59, 54.21, 0, 0],
		[199, "R12_1", 3735.63, -1660, "B", "SMD", "D3", "", "R", 44.59, 54.21, 0, 0],
		[200, "R12_2", 3814.37, -1660, "B", "SMD", "GND", "GND", "R", 44.59, 54.21, 0, 0],
		[201, "R13_1", 3735.63, -1580, "B", "SMD", "D4", "", "R", 44.59, 54.21, 0, 0],
		[202, "R13_2", 3814.37, -1580, "B", "SMD", "GND", "GND", "R", 44.59, 54.21, 0, 0],
		[203, "R14_1", 3735.63, -1500, "B", "SMD", "D5", "", "R", 44.59, 54.21, 0, 0],
		[204, "R14_2", 3814.37, -1500, "B", "SMD", "GND", "GND", "R", 44.59, 54.21, 0, 0],
		[205, "R15_1", 3735.63, -1420, "B", "SMD", "D6", "", "R", 44.59, 54.21, 0, 0],
		[206, "R15_2", 3814.37, -1420, "B", "SMD", "GND", "GND", "R", 44.59, 54.21, 0, 0],
		[207, "R16_1", 3735.63, -1340, "B", "SMD", "D7", "", "R", 44.59, 54.21, 0, 0],
		[208, "R16_2", 3814.37, -1340, "B", "SMD", "GND", "GND", "R", 44.59, 54.21, 0, 0],
		[209, "R17_1", 3735.63, -1260, "B", "SMD", "D8", "", "R", 44.59, 54.21, 0, 0],
		[210, "R17_2", 3814.37, -1260, "B", "SMD", "GND", "GND", "R", 44.59, 54.21, 0, 0],
		[211, "R18_1", 3735.63, -1180, "B", "SMD", "D9", "", "R", 44.59, 54.21, 0, 0],
		[212, "R18_2", 3814.37, -1180, "B", "SMD", "GND", "GND", "R", 44.59, 54.21, 0, 0],
		[213, "R19_1", 3735.63, -1100, "B", "SMD", "D10", "", "R", 44.59, 54.21, 0, 0],
		[214, "R19_2", 3814.37, -1100, "B", "SMD", "GND", "GND", "R", 44.59, 54.21, 0, 0],
		[215, "R20_1", 3735.63, -1020, "B", "SMD", "D11", "", "R", 44.59, 54.21, 0, 0],
		[216, "R20_2", 3814.37, -1020, "B", "SMD", "GND", "GND", "R", 44.59, 54.21, 0, 0],
		[217, "R21_1", 3735.63, -940, "B", "SMD", "D12", "", "R", 44.59, 54.21, 0, 0],
		[218, "R21_2", 3814.37, -940, "B", "SMD", "GND", "GND", "R", 44.59, 54.21, 0, 0],
		[219, "R22_1", 3735.63, -860, "B", "SMD", "D13", "", "R", 44.59, 54.21, 0, 0],
		[220, "R22_2", 3814.37, -860, "B", "SMD", "GND", "GND", "R", 44.59, 54.21, 0, 0],
		[221, "R23_1", 3735.63, -780, "B", "SMD", "D14", "", "R", 44.59, 54.21, 0, 0],
		[222, "R23_2", 3814.37, -780, "B", "SMD", "GND", "GND", "R", 44.59, 54.21, 0, 0],
		[223, "R24_1", 3735.63, -700, "B", "SMD", "D15", "", "R", 44.59, 54.21, 0, 0],
		[224, "R24_2", 3814.37, -700, "B", "SMD", "GND", "GND", "R", 44.59, 54.21, 0, 0],
		[225, "R25_1", 2320, -684.37, "T", "SMD", "A0", "", "R", 44.59, 54.21, 0, 90],
		[226, "R25_2", 2320, -605.63, "T", "SMD", "GND", "GND", "R", 44.59, 54.21, 0, 90],
		[227, "R26_1", 2240, -684.37, "T", "SMD", "A1", "", "R", 44.59, 54.21, 0, 90],
		[228, "R26_2", 2240, -605.63, "T", "SMD", "GND", "GND", "R", 44.59, 54.21, 0, 90],
		[229, "R27_1", 2160, -684.37, "T", "SMD", "A2", "", "R", 44.59, 54.21, 0, 90],
		[230, "R27_2", 2160, -605.63, "T", "SMD", "GND", "GND", "R", 44.59, 54.21, 0, 90],
		[231, "R28_1", 2080, -684.37, "T", "SMD", "A3", "", "R", 44.59, 54.21, 0, 90],
		[232, "R28_2", 2080, -605.63, "T", "SMD", "GND", "GND", "R", 44.59, 54.21, 0, 90],
		[233, "R29_1", 2000, -684.37, "T", "SMD", "A4", "", "R", 44.59, 54.21, 0, 90],
		[234, "R29_2", 2000, -605.63, "T", "SMD", "GND", "GND", "R", 44.59, 54.21, 0, 90],
		[235, "R30_1", 1920, -684.37, "T", "SMD", "A5", "", "R", 44.59, 54.21, 0, 90],
		[236, "R30_2", 1920, -605.63, "T", "SMD", "GND", "GND", "R", 44.59, 54.21, 0, 90],
		[237, "R31_1", 1840, -684.37, "T", "SMD", "A6", "", "R", 44.59, 54.21, 0, 90],
		[238, "R31_2", 1840, -605.63, "T", "SMD", "GND", "GND", "R", 44.59, 54.21, 0, 90],
		[239, "R32_1", 1760, -684.37, "T", "SMD", "A7", "", "R", 44.59, 54.21, 0, 90],
		[240, "R32_2", 1760, -605.63, "T", "SMD", "GND", "GND", "R", 44.59, 54.21, 0, 90],
		[241, "R33_1", 2315, -1024.37, "T", "SMD", "A8", "", "R", 44.59, 54.21, 0, 90],
		[242, "R33_2", 2315, -945.63, "T", "SMD", "GND", "GND", "R", 44.59, 54.21, 0, 90],
		[243, "R34_1", 2235, -1024.37, "T", "SMD", "A9", "", "R", 44.59, 54.21, 0, 90],
		[244, "R34_2", 2235, -945.63, "T", "SMD", "GND", "GND", "R", 44.59, 54.21, 0, 90],
		[245, "R35_1", 2155, -1024.37, "T", "SMD", "A10", "", "R", 44.59, 54.21, 0, 90],
		[246, "R35_2", 2155, -945.63, "T", "SMD", "GND", "GND", "R", 44.59, 54.21, 0, 90],
		[247, "R36_1", 2075, -1024.37, "T", "SMD", "A11", "", "R", 44.59, 54.21, 0, 90],
		[248, "R36_2", 2075, -945.63, "T", "SMD", "GND", "GND", "R", 44.59, 54.21, 0, 90],
		[249, "R37_1", 1995, -1024.37, "T", "SMD", "A12", "", "R", 44.59, 54.21, 0, 90],
		[250, "R37_2", 1995, -945.63, "T", "SMD", "GND", "GND", "R", 44.59, 54.21, 0, 90],
		[251, "R38_1", 1915, -1024.37, "T", "SMD", "A13", "", "R", 44.59, 54.21, 0, 90],
		[252, "R38_2", 1915, -945.63, "T", "SMD", "GND", "GND", "R", 44.59, 54.21, 0, 90],
		[253, "R39_1", 1835, -1024.37, "T", "SMD", "A14", "", "R", 44.59, 54.21, 0, 90],
		[254, "R39_2", 1835, -945.63, "T", "SMD", "GND", "GND", "R", 44.59, 54.21, 0, 90],
		[255, "R40_1", 1755, -1024.37, "T", "SMD", "A15", "", "R", 44.59, 54.21, 0, 90],
		[256, "R40_2", 1755, -945.63, "T", "SMD", "GND", "GND", "R", 44.59, 54.21, 0, 90],
		[257, "R41_1", 254.37, -1480, "T", "SMD", "HLT", "", "R", 44.59, 54.21, 0, 180],
		[258, "R41_2", 175.63, -1480, "T", "SMD", "GND", "GND", "R", 44.59, 54.21, 0, 180],
		[259, "R42_1", 254.37, -1560, "T", "SMD", "CLK#", "", "R", 44.59, 54.21, 0, 180],
		[260, "R42_2", 175.63, -1560, "T", "SMD", "GND", "GND", "R", 44.59, 54.21, 0, 180],
		[261, "R43_1", 254.37, -1640, "T", "SMD", "CLK", "", "R", 44.59, 54.21, 0, 180],
		[262, "R43_2", 175.63, -1640, "T", "SMD", "GND", "GND", "R", 44.59, 54.21, 0, 180],
		[263, "R44_1", 254.37, -1720, "T", "SMD", "RST", "", "R", 44.59, 54.21, 0, 180],
		[264, "R44_2", 175.63, -1720, "T", "SMD", "GND", "GND", "R", 44.59, 54.21, 0, 180],
		[265, "Reset_1", 3192.52, -1850, "T", "SMD", "RST-SW1", "", "R", 74.8, 59.05, 0, 0],
		[266, "Reset_2", 3507.48, -1850, "T", "SMD", "RST-SW2", "", "R", 74.8, 59.05, 0, 0],
		[267, "RN12_1", 1502.76, -860.43, "T", "SMD", "$1N16798", "", "R", 25.59, 31.5, 0, 0],
		[268, "RN12_2", 1534.25, -860.43, "T", "SMD", "$1N16796", "", "R", 19.68, 31.5, 0, 0],
		[269, "RN12_3", 1565.75, -860.43, "T", "SMD", "$1N16794", "", "R", 19.68, 31.5, 0, 0],
		[270, "RN12_4", 1597.24, -860.43, "T", "SMD", "$1N16792", "", "R", 25.59, 31.5, 0, 0],
		[271, "RN12_5", 1597.24, -789.57, "T", "SMD", "CLK", "", "R", 25.59, 31.5, 0, 0],
		[272, "RN12_6", 1565.75, -789.57, "T", "SMD", "RST", "", "R", 19.68, 31.5, 0, 0],
		[273, "RN12_7", 1534.25, -789.57, "T", "SMD", "PWR-OK", "", "R", 19.68, 31.5, 0, 0],
		[274, "RN12_8", 1502.76, -789.57, "T", "SMD", "+5V-SB", "", "R", 25.59, 31.5, 0, 0],
		[275, "RN13_1", 2427.76, -1664.57, "B", "SMD", "$1N16860", "", "R", 25.59, 31.5, 0, 0],
		[276, "RN13_2", 2459.25, -1664.57, "B", "SMD", "$1N16858", "", "R", 19.68, 31.5, 0, 0],
		[277, "RN13_3", 2490.75, -1664.57, "B", "SMD", "$1N16856", "", "R", 19.68, 31.5, 0, 0],
		[278, "RN13_4", 2522.24, -1664.57, "B", "SMD", "$1N16854", "", "R", 25.59, 31.5, 0, 0],
		[279, "RN13_5", 2522.24, -1735.43, "B", "SMD", "D0", "", "R", 25.59, 31.5, 0, 0],
		[280, "RN13_6", 2490.75, -1735.43, "B", "SMD", "D1", "", "R", 19.68, 31.5, 0, 0],
		[281, "RN13_7", 2459.25, -1735.43, "B", "SMD", "D2", "", "R", 19.68, 31.5, 0, 0],
		[282, "RN13_8", 2427.76, -1735.43, "B", "SMD", "D3", "", "R", 25.59, 31.5, 0, 0],
		[283, "RN14_1", 2127.76, -1664.57, "B", "SMD", "$1N16922", "", "R", 25.59, 31.5, 0, 0],
		[284, "RN14_2", 2159.25, -1664.57, "B", "SMD", "$1N16920", "", "R", 19.68, 31.5, 0, 0],
		[285, "RN14_3", 2190.75, -1664.57, "B", "SMD", "$1N16918", "", "R", 19.68, 31.5, 0, 0],
		[286, "RN14_4", 2222.24, -1664.57, "B", "SMD", "$1N16916", "", "R", 25.59, 31.5, 0, 0],
		[287, "RN14_5", 2222.24, -1735.43, "B", "SMD", "D4", "", "R", 25.59, 31.5, 0, 0],
		[288, "RN14_6", 2190.75, -1735.43, "B", "SMD", "D5", "", "R", 19.68, 31.5, 0, 0],
		[289, "RN14_7", 2159.25, -1735.43, "B", "SMD", "D6", "", "R", 19.68, 31.5, 0, 0],
		[290, "RN14_8", 2127.76, -1735.43, "B", "SMD", "D7", "", "R", 25.59, 31.5, 0, 0],
		[291, "RN15_1", 1802.76, -1664.57, "B", "SMD", "$1N16984", "", "R", 25.59, 31.5, 0, 0],
		[292, "RN15_2", 1834.25, -1664.57, "B", "SMD", "$1N16982", "", "R", 19.68, 31.5, 0, 0],
		[293, "RN15_3", 1865.75, -1664.57, "B", "SMD", "$1N16980", "", "R", 19.68, 31.5, 0, 0],
		[294, "RN15_4", 1897.24, -1664.57, "B", "SMD", "$1N16978", "", "R", 25.59, 31.5, 0, 0],
		[295, "RN15_5", 1897.24, -1735.43, "B", "SMD", "D8", "", "R", 25.59, 31.5, 0, 0],
		[296, "RN15_6", 1865.75, -1735.43, "B", "SMD", "D9", "", "R", 19.68, 31.5, 0, 0],
		[297, "RN15_7", 1834.25, -1735.43, "B", "SMD", "D10", "", "R", 19.68, 31.5, 0, 0],
		[298, "RN15_8", 1802.76, -1735.43, "B", "SMD", "D11", "", "R", 25.59, 31.5, 0, 0],
		[299, "RN16_1", 1502.76, -1664.57, "B", "SMD", "$1N17046", "", "R", 25.59, 31.5, 0, 0],
		[300, "RN16_2", 1534.25, -1664.57, "B", "SMD", "$1N17044", "", "R", 19.68, 31.5, 0, 0],
		[301, "RN16_3", 1565.75, -1664.57, "B", "SMD", "$1N17042", "", "R", 19.68, 31.5, 0, 0],
		[302, "RN16_4", 1597.24, -1664.57, "B", "SMD", "$1N17040", "", "R", 25.59, 31.5, 0, 0],
		[303, "RN16_5", 1597.24, -1735.43, "B", "SMD", "D12", "", "R", 25.59, 31.5, 0, 0],
		[304, "RN16_6", 1565.75, -1735.43, "B", "SMD", "D13", "", "R", 19.68, 31.5, 0, 0],
		[305, "RN16_7", 1534.25, -1735.43, "B", "SMD", "D14", "", "R", 19.68, 31.5, 0, 0],
		[306, "RN16_8", 1502.76, -1735.43, "B", "SMD", "D15", "", "R", 25.59, 31.5, 0, 0],
		[307, "RN17_1", 777.76, -1664.57, "B", "SMD", "$1N17156", "", "R", 25.59, 31.5, 0, 0],
		[308, "RN17_2", 809.25, -1664.57, "B", "SMD", "$1N17154", "", "R", 19.68, 31.5, 0, 0],
		[309, "RN17_3", 840.75, -1664.57, "B", "SMD", "$1N17152", "", "R", 19.68, 31.5, 0, 0],
		[310, "RN17_4", 872.24, -1664.57, "B", "SMD", "$1N17150", "", "R", 25.59, 31.5, 0, 0],
		[311, "RN17_5", 872.24, -1735.43, "B", "SMD", "C4", "", "R", 25.59, 31.5, 0, 0],
		[312, "RN17_6", 840.75, -1735.43, "B", "SMD", "C5", "", "R", 19.68, 31.5, 0, 0],
		[313, "RN17_7", 809.25, -1735.43, "B", "SMD", "C6", "", "R", 19.68, 31.5, 0, 0],
		[314, "RN17_8", 777.76, -1735.43, "B", "SMD", "C7", "", "R", 25.59, 31.5, 0, 0],
		[315, "RN18_1", 1077.76, -1664.57, "B", "SMD", "$1N17218", "", "R", 25.59, 31.5, 0, 0],
		[316, "RN18_2", 1109.25, -1664.57, "B", "SMD", "$1N17216", "", "R", 19.68, 31.5, 0, 0],
		[317, "RN18_3", 1140.75, -1664.57, "B", "SMD", "$1N17214", "", "R", 19.68, 31.5, 0, 0],
		[318, "RN18_4", 1172.24, -1664.57, "B", "SMD", "$1N17212", "", "R", 25.59, 31.5, 0, 0],
		[319, "RN18_5", 1172.24, -1735.43, "B", "SMD", "C0", "", "R", 25.59, 31.5, 0, 0],
		[320, "RN18_6", 1140.75, -1735.43, "B", "SMD", "C1", "", "R", 19.68, 31.5, 0, 0],
		[321, "RN18_7", 1109.25, -1735.43, "B", "SMD", "C2", "", "R", 19.68, 31.5, 0, 0],
		[322, "RN18_8", 1077.76, -1735.43, "B", "SMD", "C3", "", "R", 25.59, 31.5, 0, 0],
		[323, "RN19_1", 2522.24, -1664.57, "T", "SMD", "$1N17304", "", "R", 25.59, 31.5, 0, 180],
		[324, "RN19_2", 2490.75, -1664.57, "T", "SMD", "$1N17302", "", "R", 19.68, 31.5, 0, 180],
		[325, "RN19_3", 2459.25, -1664.57, "T", "SMD", "$1N17300", "", "R", 19.68, 31.5, 0, 180],
		[326, "RN19_4", 2427.76, -1664.57, "T", "SMD", "$1N17298", "", "R", 25.59, 31.5, 0, 180],
		[327, "RN19_5", 2427.76, -1735.43, "T", "SMD", "A3", "", "R", 25.59, 31.5, 0, 180],
		[328, "RN19_6", 2459.25, -1735.43, "T", "SMD", "A2", "", "R", 19.68, 31.5, 0, 180],
		[329, "RN19_7", 2490.75, -1735.43, "T", "SMD", "A1", "", "R", 19.68, 31.5, 0, 180],
		[330, "RN19_8", 2522.24, -1735.43, "T", "SMD", "A0", "", "R", 25.59, 31.5, 0, 180],
		[331, "RN20_1", 2222.24, -1664.57, "T", "SMD", "$1N17366", "", "R", 25.59, 31.5, 0, 180],
		[332, "RN20_2", 2190.75, -1664.57, "T", "SMD", "$1N17364", "", "R", 19.68, 31.5, 0, 180],
		[333, "RN20_3", 2159.25, -1664.57, "T", "SMD", "$1N17362", "", "R", 19.68, 31.5, 0, 180],
		[334, "RN20_4", 2127.76, -1664.57, "T", "SMD", "$1N17360", "", "R", 25.59, 31.5, 0, 180],
		[335, "RN20_5", 2127.76, -1735.43, "T", "SMD", "A7", "", "R", 25.59, 31.5, 0, 180],
		[336, "RN20_6", 2159.25, -1735.43, "T", "SMD", "A6", "", "R", 19.68, 31.5, 0, 180],
		[337, "RN20_7", 2190.75, -1735.43, "T", "SMD", "A5", "", "R", 19.68, 31.5, 0, 180],
		[338, "RN20_8", 2222.24, -1735.43, "T", "SMD", "A4", "", "R", 25.59, 31.5, 0, 180],
		[339, "RN21_1", 1897.24, -1664.57, "T", "SMD", "$1N17428", "", "R", 25.59, 31.5, 0, 180],
		[340, "RN21_2", 1865.75, -1664.57, "T", "SMD", "$1N17426", "", "R", 19.68, 31.5, 0, 180],
		[341, "RN21_3", 1834.25, -1664.57, "T", "SMD", "$1N17424", "", "R", 19.68, 31.5, 0, 180],
		[342, "RN21_4", 1802.76, -1664.57, "T", "SMD", "$1N17422", "", "R", 25.59, 31.5, 0, 180],
		[343, "RN21_5", 1802.76, -1735.43, "T", "SMD", "A11", "", "R", 25.59, 31.5, 0, 180],
		[344, "RN21_6", 1834.25, -1735.43, "T", "SMD", "A10", "", "R", 19.68, 31.5, 0, 180],
		[345, "RN21_7", 1865.75, -1735.43, "T", "SMD", "A9", "", "R", 19.68, 31.5, 0, 180],
		[346, "RN21_8", 1897.24, -1735.43, "T", "SMD", "A8", "", "R", 25.59, 31.5, 0, 180],
		[347, "RN22_1", 1597.24, -1664.57, "T", "SMD", "$1N17490", "", "R", 25.59, 31.5, 0, 180],
		[348, "RN22_2", 1565.75, -1664.57, "T", "SMD", "$1N17488", "", "R", 19.68, 31.5, 0, 180],
		[349, "RN22_3", 1534.25, -1664.57, "T", "SMD", "$1N17486", "", "R", 19.68, 31.5, 0, 180],
		[350, "RN22_4", 1502.76, -1664.57, "T", "SMD", "$1N17484", "", "R", 25.59, 31.5, 0, 180],
		[351, "RN22_5", 1502.76, -1735.43, "T", "SMD", "A15", "", "R", 25.59, 31.5, 0, 180],
		[352, "RN22_6", 1534.25, -1735.43, "T", "SMD", "A14", "", "R", 19.68, 31.5, 0, 180],
		[353, "RN22_7", 1565.75, -1735.43, "T", "SMD", "A13", "", "R", 19.68, 31.5, 0, 180],
		[354, "RN22_8", 1597.24, -1735.43, "T", "SMD", "A12", "", "R", 25.59, 31.5, 0, 180],
		[355, "U1_1", 79.45, -1904.37, "T", "DIP", "GND", "GND", "R", 51.18, 51.18, 31.5, 0],
		[356, "U1_1", 79.45, -1904.37, "B", "DIP", "GND", "GND", "R", 51.18, 51.18, 31.5, 0],
		[357, "U1_2", 79.45, -1825.63, "T", "DIP", "GND", "GND", "C", 51.18, 51.18, 31.5, 0],
		[358, "U1_2", 79.45, -1825.63, "B", "DIP", "GND", "GND", "C", 51.18, 51.18, 31.5, 0],
		[359, "U1_3", 158.19, -1904.37, "T", "DIP", "GND", "GND", "C", 51.18, 51.18, 31.5, 0],
		[360, "U1_3", 158.19, -1904.37, "B", "DIP", "GND", "GND", "C", 51.18, 51.18, 31.5, 0],
		[361, "U1_4", 158.19, -1825.63, "T", "DIP", "GND", "GND", "C", 51.18, 51.18, 31.5, 0],
		[362, "U1_4", 158.19, -1825.63, "B", "DIP", "GND", "GND", "C", 51.18, 51.18, 31.5, 0],
		[363, "U1_5", 236.93, -1904.37, "T", "DIP", "+5V", "", "C", 51.18, 51.18, 31.5, 0],
		[364, "U1_5", 236.93, -1904.37, "B", "DIP", "+5V", "", "C", 51.18, 51.18, 31.5, 0],
		[365, "U1_6", 236.93, -1825.63, "T", "DIP", "+5V", "", "C", 51.18, 51.18, 31.5, 0],
		[366, "U1_6", 236.93, -1825.63, "B", "DIP", "+5V", "", "C", 51.18, 51.18, 31.5, 0],
		[367, "U1_7", 315.67, -1904.37, "T", "DIP", "+5V", "", "C", 51.18, 51.18, 31.5, 0],
		[368, "U1_7", 315.67, -1904.37, "B", "DIP", "+5V", "", "C", 51.18, 51.18, 31.5, 0],
		[369, "U1_8", 315.67, -1825.63, "T", "DIP", "+5V", "", "C", 51.18, 51.18, 31.5, 0],
		[370, "U1_8", 315.67, -1825.63, "B", "DIP", "+5V", "", "C", 51.18, 51.18, 31.5, 0],
		[371, "U1_9", 394.41, -1904.37, "T", "DIP", "+5V", "", "C", 51.18, 51.18, 31.5, 0],
		[372, "U1_9", 394.41, -1904.37, "B", "DIP", "+5V", "", "C", 51.18, 51.18, 31.5, 0],
		[373, "U1_10", 394.41, -1825.63, "T", "DIP", "+5V", "", "C", 51.18, 51.18, 31.5, 0],
		[374, "U1_10", 394.41, -1825.63, "B", "DIP", "+5V", "", "C", 51.18, 51.18, 31.5, 0],
		[375, "U1_11", 473.15, -1904.37, "T", "DIP", "+5V", "", "C", 51.18, 51.18, 31.5, 0],
		[376, "U1_11", 473.15, -1904.37, "B", "DIP", "+5V", "", "C", 51.18, 51.18, 31.5, 0],
		[377, "U1_12", 473.15, -1825.63, "T", "DIP", "+5V", "", "C", 51.18, 51.18, 31.5, 0],
		[378, "U1_12", 473.15, -1825.63, "B", "DIP", "+5V", "", "C", 51.18, 51.18, 31.5, 0],
		[379, "U1_13", 551.89, -1904.37, "T", "DIP", "GND", "GND", "C", 51.18, 51.18, 31.5, 0],
		[380, "U1_13", 551.89, -1904.37, "B", "DIP", "GND", "GND", "C", 51.18, 51.18, 31.5, 0],
		[381, "U1_14", 551.89, -1825.63, "T", "DIP", "GND", "GND", "C", 51.18, 51.18, 31.5, 0],
		[382, "U1_14", 551.89, -1825.63, "B", "DIP", "GND", "GND", "C", 51.18, 51.18, 31.5, 0],
		[383, "U1_15", 630.63, -1904.37, "T", "DIP", "GND", "GND", "C", 51.18, 51.18, 31.5, 0],
		[384, "U1_15", 630.63, -1904.37, "B", "DIP", "GND", "GND", "C", 51.18, 51.18, 31.5, 0],
		[385, "U1_16", 630.63, -1825.63, "T", "DIP", "GND", "GND", "C", 51.18, 51.18, 31.5, 0],
		[386, "U1_16", 630.63, -1825.63, "B", "DIP", "GND", "GND", "C", 51.18, 51.18, 31.5, 0],
		[387, "U1_17", 709.37, -1904.37, "T", "DIP", "C7", "", "C", 51.18, 51.18, 31.5, 0],
		[388, "U1_17", 709.37, -1904.37, "B", "DIP", "C7", "", "C", 51.18, 51.18, 31.5, 0],
		[389, "U1_18", 709.37, -1825.63, "T", "DIP", "RST", "", "C", 51.18, 51.18, 31.5, 0],
		[390, "U1_18", 709.37, -1825.63, "B", "DIP", "RST", "", "C", 51.18, 51.18, 31.5, 0],
		[391, "U1_19", 788.11, -1904.37, "T", "DIP", "C6", "", "C", 51.18, 51.18, 31.5, 0],
		[392, "U1_19", 788.11, -1904.37, "B", "DIP", "C6", "", "C", 51.18, 51.18, 31.5, 0],
		[393, "U1_20", 788.11, -1825.63, "T", "DIP", "CLK", "", "C", 51.18, 51.18, 31.5, 0],
		[394, "U1_20", 788.11, -1825.63, "B", "DIP", "CLK", "", "C", 51.18, 51.18, 31.5, 0],
		[395, "U1_21", 866.85, -1904.37, "T", "DIP", "C5", "", "C", 51.18, 51.18, 31.5, 0],
		[396, "U1_21", 866.85, -1904.37, "B", "DIP", "C5", "", "C", 51.18, 51.18, 31.5, 0],
		[397, "U1_22", 866.85, -1825.63, "T", "DIP", "CLK#", "", "C", 51.18, 51.18, 31.5, 0],
		[398, "U1_22", 866.85, -1825.63, "B", "DIP", "CLK#", "", "C", 51.18, 51.18, 31.5, 0],
		[399, "U1_23", 945.59, -1904.37, "T", "DIP", "C4", "", "C", 51.18, 51.18, 31.5, 0],
		[400, "U1_23", 945.59, -1904.37, "B", "DIP", "C4", "", "C", 51.18, 51.18, 31.5, 0],
		[401, "U1_24", 945.59, -1825.63, "T", "DIP", "HLT", "", "C", 51.18, 51.18, 31.5, 0],
		[402, "U1_24", 945.59, -1825.63, "B", "DIP", "HLT", "", "C", 51.18, 51.18, 31.5, 0],
		[403, "U1_25", 1024.33, -1904.37, "T", "DIP", "C3", "", "C", 51.18, 51.18, 31.5, 0],
		[404, "U1_25", 1024.33, -1904.37, "B", "DIP", "C3", "", "C", 51.18, 51.18, 31.5, 0],
		[405, "U1_26", 1024.33, -1825.63, "T", "DIP", "U1_26", "", "C", 51.18, 51.18, 31.5, 0],
		[406, "U1_26", 1024.33, -1825.63, "B", "DIP", "U1_26", "", "C", 51.18, 51.18, 31.5, 0],
		[407, "U1_27", 1103.07, -1904.37, "T", "DIP", "C2", "", "C", 51.18, 51.18, 31.5, 0],
		[408, "U1_27", 1103.07, -1904.37, "B", "DIP", "C2", "", "C", 51.18, 51.18, 31.5, 0],
		[409, "U1_28", 1103.07, -1825.63, "T", "DIP", "U1_28", "", "C", 51.18, 51.18, 31.5, 0],
		[410, "U1_28", 1103.07, -1825.63, "B", "DIP", "U1_28", "", "C", 51.18, 51.18, 31.5, 0],
		[411, "U1_29", 1181.81, -1904.37, "T", "DIP", "C1", "", "C", 51.18, 51.18, 31.5, 0],
		[412, "U1_29", 1181.81, -1904.37, "B", "DIP", "C1", "", "C", 51.18, 51.18, 31.5, 0],
		[413, "U1_30", 1181.81, -1825.63, "T", "DIP", "+3.3V", "", "C", 51.18, 51.18, 31.5, 0],
		[414, "U1_30", 1181.81, -1825.63, "B", "DIP", "+3.3V", "", "C", 51.18, 51.18, 31.5, 0],
		[415, "U1_31", 1260.55, -1904.37, "T", "DIP", "C0", "", "C", 51.18, 51.18, 31.5, 0],
		[416, "U1_31", 1260.55, -1904.37, "B", "DIP", "C0", "", "C", 51.18, 51.18, 31.5, 0],
		[417, "U1_32", 1260.55, -1825.63, "T", "DIP", "+3.3V", "", "C", 51.18, 51.18, 31.5, 0],
		[418, "U1_32", 1260.55, -1825.63, "B", "DIP", "+3.3V", "", "C", 51.18, 51.18, 31.5, 0],
		[419, "U2_1", 1414.45, -1904.37, "T", "DIP", "D15", "", "R", 51.18, 51.18, 31.5, 0],
		[420, "U2_1", 1414.45, -1904.37, "B", "DIP", "D15", "", "R", 51.18, 51.18, 31.5, 0],
		[421, "U2_2", 1414.45, -1825.63, "T", "DIP", "A15", "", "C", 51.18, 51.18, 31.5, 0],
		[422, "U2_2", 1414.45, -1825.63, "B", "DIP", "A15", "", "C", 51.18, 51.18, 31.5, 0],
		[423, "U2_3", 1493.19, -1904.37, "T", "DIP", "D14", "", "C", 51.18, 51.18, 31.5, 0],
		[424, "U2_3", 1493.19, -1904.37, "B", "DIP", "D14", "", "C", 51.18, 51.18, 31.5, 0],
		[425, "U2_4", 1493.19, -1825.63, "T", "DIP", "A14", "", "C", 51.18, 51.18, 31.5, 0],
		[426, "U2_4", 1493.19, -1825.63, "B", "DIP", "A14", "", "C", 51.18, 51.18, 31.5, 0],
		[427, "U2_5", 1571.93, -1904.37, "T", "DIP", "D13", "", "C", 51.18, 51.18, 31.5, 0],
		[428, "U2_5", 1571.93, -1904.37, "B", "DIP", "D13", "", "C", 51.18, 51.18, 31.5, 0],
		[429, "U2_6", 1571.93, -1825.63, "T", "DIP", "A13", "", "C", 51.18, 51.18, 31.5, 0],
		[430, "U2_6", 1571.93, -1825.63, "B", "DIP", "A13", "", "C", 51.18, 51.18, 31.5, 0],
		[431, "U2_7", 1650.67, -1904.37, "T", "DIP", "D12", "", "C", 51.18, 51.18, 31.5, 0],
		[432, "U2_7", 1650.67, -1904.37, "B", "DIP", "D12", "", "C", 51.18, 51.18, 31.5, 0],
		[433, "U2_8", 1650.67, -1825.63, "T", "DIP", "A12", "", "C", 51.18, 51.18, 31.5, 0],
		[434, "U2_8", 1650.67, -1825.63, "B", "DIP", "A12", "", "C", 51.18, 51.18, 31.5, 0],
		[435, "U2_9", 1729.41, -1904.37, "T", "DIP", "D11", "", "C", 51.18, 51.18, 31.5, 0],
		[436, "U2_9", 1729.41, -1904.37, "B", "DIP", "D11", "", "C", 51.18, 51.18, 31.5, 0],
		[437, "U2_10", 1729.41, -1825.63, "T", "DIP", "A11", "", "C", 51.18, 51.18, 31.5, 0],
		[438, "U2_10", 1729.41, -1825.63, "B", "DIP", "A11", "", "C", 51.18, 51.18, 31.5, 0],
		[439, "U2_11", 1808.15, -1904.37, "T", "DIP", "D10", "", "C", 51.18, 51.18, 31.5, 0],
		[440, "U2_11", 1808.15, -1904.37, "B", "DIP", "D10", "", "C", 51.18, 51.18, 31.5, 0],
		[441, "U2_12", 1808.15, -1825.63, "T", "DIP", "A10", "", "C", 51.18, 51.18, 31.5, 0],
		[442, "U2_12", 1808.15, -1825.63, "B", "DIP", "A10", "", "C", 51.18, 51.18, 31.5, 0],
		[443, "U2_13", 1886.89, -1904.37, "T", "DIP", "D9", "", "C", 51.18, 51.18, 31.5, 0],
		[444, "U2_13", 1886.89, -1904.37, "B", "DIP", "D9", "", "C", 51.18, 51.18, 31.5, 0],
		[445, "U2_14", 1886.89, -1825.63, "T", "DIP", "A9", "", "C", 51.18, 51.18, 31.5, 0],
		[446, "U2_14", 1886.89, -1825.63, "B", "DIP", "A9", "", "C", 51.18, 51.18, 31.5, 0],
		[447, "U2_15", 1965.63, -1904.37, "T", "DIP", "D8", "", "C", 51.18, 51.18, 31.5, 0],
		[448, "U2_15", 1965.63, -1904.37, "B", "DIP", "D8", "", "C", 51.18, 51.18, 31.5, 0],
		[449, "U2_16", 1965.63, -1825.63, "T", "DIP", "A8", "", "C", 51.18, 51.18, 31.5, 0],
		[450, "U2_16", 1965.63, -1825.63, "B", "DIP", "A8", "", "C", 51.18, 51.18, 31.5, 0],
		[451, "U2_17", 2044.37, -1904.37, "T", "DIP", "D7", "", "C", 51.18, 51.18, 31.5, 0],
		[452, "U2_17", 2044.37, -1904.37, "B", "DIP", "D7", "", "C", 51.18, 51.18, 31.5, 0],
		[453, "U2_18", 2044.37, -1825.63, "T", "DIP", "A7", "", "C", 51.18, 51.18, 31.5, 0],
		[454, "U2_18", 2044.37, -1825.63, "B", "DIP", "A7", "", "C", 51.18, 51.18, 31.5, 0],
		[455, "U2_19", 2123.11, -1904.37, "T", "DIP", "D6", "", "C", 51.18, 51.18, 31.5, 0],
		[456, "U2_19", 2123.11, -1904.37, "B", "DIP", "D6", "", "C", 51.18, 51.18, 31.5, 0],
		[457, "U2_20", 2123.11, -1825.63, "T", "DIP", "A6", "", "C", 51.18, 51.18, 31.5, 0],
		[458, "U2_20", 2123.11, -1825.63, "B", "DIP", "A6", "", "C", 51.18, 51.18, 31.5, 0],
		[459, "U2_21", 2201.85, -1904.37, "T", "DIP", "D5", "", "C", 51.18, 51.18, 31.5, 0],
		[460, "U2_21", 2201.85, -1904.37, "B", "DIP", "D5", "", "C", 51.18, 51.18, 31.5, 0],
		[461, "U2_22", 2201.85, -1825.63, "T", "DIP", "A5", "", "C", 51.18, 51.18, 31.5, 0],
		[462, "U2_22", 2201.85, -1825.63, "B", "DIP", "A5", "", "C", 51.18, 51.18, 31.5, 0],
		[463, "U2_23", 2280.59, -1904.37, "T", "DIP", "D4", "", "C", 51.18, 51.18, 31.5, 0],
		[464, "U2_23", 2280.59, -1904.37, "B", "DIP", "D4", "", "C", 51.18, 51.18, 31.5, 0],
		[465, "U2_24", 2280.59, -1825.63, "T", "DIP", "A4", "", "C", 51.18, 51.18, 31.5, 0],
		[466, "U2_24", 2280.59, -1825.63, "B", "DIP", "A4", "", "C", 51.18, 51.18, 31.5, 0],
		[467, "U2_25", 2359.33, -1904.37, "T", "DIP", "D3", "", "C", 51.18, 51.18, 31.5, 0],
		[468, "U2_25", 2359.33, -1904.37, "B", "DIP", "D3", "", "C", 51.18, 51.18, 31.5, 0],
		[469, "U2_26", 2359.33, -1825.63, "T", "DIP", "A3", "", "C", 51.18, 51.18, 31.5, 0],
		[470, "U2_26", 2359.33, -1825.63, "B", "DIP", "A3", "", "C", 51.18, 51.18, 31.5, 0],
		[471, "U2_27", 2438.07, -1904.37, "T", "DIP", "D2", "", "C", 51.18, 51.18, 31.5, 0],
		[472, "U2_27", 2438.07, -1904.37, "B", "DIP", "D2", "", "C", 51.18, 51.18, 31.5, 0],
		[473, "U2_28", 2438.07, -1825.63, "T", "DIP", "A2", "", "C", 51.18, 51.18, 31.5, 0],
		[474, "U2_28", 2438.07, -1825.63, "B", "DIP", "A2", "", "C", 51.18, 51.18, 31.5, 0],
		[475, "U2_29", 2516.81, -1904.37, "T", "DIP", "D1", "", "C", 51.18, 51.18, 31.5, 0],
		[476, "U2_29", 2516.81, -1904.37, "B", "DIP", "D1", "", "C", 51.18, 51.18, 31.5, 0],
		[477, "U2_30", 2516.81, -1825.63, "T", "DIP", "A1", "", "C", 51.18, 51.18, 31.5, 0],
		[478, "U2_30", 2516.81, -1825.63, "B", "DIP", "A1", "", "C", 51.18, 51.18, 31.5, 0],
		[479, "U2_31", 2595.55, -1904.37, "T", "DIP", "D0", "", "C", 51.18, 51.18, 31.5, 0],
		[480, "U2_31", 2595.55, -1904.37, "B", "DIP", "D0", "", "C", 51.18, 51.18, 31.5, 0],
		[481, "U2_32", 2595.55, -1825.63, "T", "DIP", "A0", "", "C", 51.18, 51.18, 31.5, 0],
		[482, "U2_32", 2595.55, -1825.63, "B", "DIP", "A0", "", "C", 51.18, 51.18, 31.5, 0],
		[483, "U3_1", 2600, -520, "T", "DIP", "+5V-SB", "", "R", 62, 66.93, 43.31, 0],
		[484, "U3_1", 2600, -520, "B", "DIP", "+5V-SB", "", "R", 62, 66.93, 43.31, 0],
		[485, "U3_2", 2700, -520, "T", "DIP", "GND", "GND", "C", 66.93, 66.93, 43.31, 0],
		[486, "U3_2", 2700, -520, "B", "DIP", "GND", "GND", "C", 66.93, 66.93, 43.31, 0],
		[487, "U3_3", 2800, -520, "T", "DIP", "+5V", "", "C", 66.93, 66.93, 43.31, 0],
		[488, "U3_3", 2800, -520, "B", "DIP", "+5V", "", "C", 66.93, 66.93, 43.31, 0],
		[489, "U3_4", 2900, -520, "T", "DIP", "PWR-OK", "", "C", 66.93, 66.93, 43.31, 0],
		[490, "U3_4", 2900, -520, "B", "DIP", "PWR-OK", "", "C", 66.93, 66.93, 43.31, 0],
		[491, "U3_5", 3000, -520, "T", "DIP", "RST-SW1", "", "C", 66.93, 66.93, 43.31, 0],
		[492, "U3_5", 3000, -520, "B", "DIP", "RST-SW1", "", "C", 66.93, 66.93, 43.31, 0],
		[493, "U3_6", 3100, -520, "T", "DIP", "RST-SW2", "", "C", 66.93, 66.93, 43.31, 0],
		[494, "U3_6", 3100, -520, "B", "DIP", "RST-SW2", "", "C", 66.93, 66.93, 43.31, 0],
		[495, "U3_7", 3200, -520, "T", "DIP", "RST", "", "C", 66.93, 66.93, 43.31, 0],
		[496, "U3_7", 3200, -520, "B", "DIP", "RST", "", "C", 66.93, 66.93, 43.31, 0]
	]
}
}