{
"lengthUnit": "mil",
"components": {
	"fields": ["COMPONENT_NO", "COMPONENT_NAME", "LAYER", "X_COORDINATE", "Y_COORDINATE", "ANGLE"],
	"rows": [
		[1, "C4", "B", 435, -370, 270],
		[2, "U3", "T", 430, -380, 270],
		[3, "U8", "B", 185, -380, 270],
		[4, "U9", "B", 685, -380, 90]
	]
},
"pins": {
	"fields": ["PIN_NO", "PIN_NAME", "PIN_X", "PIN_Y", "LAYER", "PIN_TYPE", "NET_NAME", "NET_TYPE", "PAD_SHAPE", "PAD_SIZEX", "PAD_SIZEY", "HOLE_SIZE", "PAD_ANGLE"],
	"rows": [
		[1, "C4_1", 435, -330.63, "B", "SMD", "VCC", "", "R", 55.51, 53.15, 0, 270],
		[2, "C4_2", 435, -409.37, "B", "SMD", "GND", "GND", "R", 55.51, 53.15, 0, 270],
		[3, "U3_1", 320.98, -230, "T", "SMD", "1R#D", "", "O", 22.6, 80.24, 0, 270],
		[4, "U3_2", 320.98, -280, "T", "SMD", "1D", "", "O", 22.6, 80.24, 0, 270],
		[5, "U3_3", 320.98, -330, "T", "SMD", "1CP", "", "O", 22.6, 80.24, 0, 270],
		[6, "U3_4", 320.98, -380, "T", "SMD", "1S#D", "", "O", 22.6, 80.24, 0, 270],
		[7, "U3_5", 320.98, -430, "T", "SMD", "1Q", "", "O", 22.6, 80.24, 0, 270],
		[8, "U3_6", 320.98, -480, "T", "SMD", "1Q#", "", "O", 22.6, 80.24, 0, 270],
		[9, "U3_7", 320.98, -530, "T", "SMD", "GND", "GND", "O", 22.6, 80.24, 0, 270],
		[10, "U3_8", 539.02, -530, "T", "SMD", "2Q#", "", "O", 22.6, 80.24, 0, 270],
		[11, "U3_9", 539.02, -480, "T", "SMD", "2Q", "", "O", 22.6, 80.24, 0, 270],
		[12, "U3_10", 539.02, -430, "T", "SMD", "2S#D", "", "O", 22.6, 80.24, 0, 270],
		[13, "U3_11", 539.02, -380, "T", "SMD", "2CP", "", "O", 22.6, 80.24, 0, 270],
		[14, "U3_12", 539.02, -330, "T", "SMD", "2D", "", "O", 22.6, 80.24, 0, 270],
		[15, "U3_13", 539.02, -280, "T", "SMD", "2R#D", "", "O", 22.6, 80.24, 0, 270],
		[16, "U3_14", 539.02, -230, "T", "SMD", "VCC", "", "O", 22.6, 80.24, 0, 270],
		[17, "U8_1", 185, -80, "T", "DIP", "1R#D", "", "R", 66.93, 66.93, 43.31, 270],
		[18, "U8_1", 185, -80, "B", "DIP", "1R#D", "", "R", 66.93, 66.93, 43.31, 270],
		[19, "U8_2", 185, -180, "T", "DIP", "1D", "", "C", 66.93, 66.93, 43.31, 270],
		[20, "U8_2", 185, -180, "B", "DIP", "1D", "", "C", 66.93, 66.93, 43.31, 270],
		[21, "U8_3", 185, -280, "T", "DIP", "1CP", "", "C", 66.93, 66.93, 43.31, 270],
		[22, "U8_3", 185, -280, "B", "DIP", "1CP", "", "C", 66.93, 66.93, 43.31, 270],
		[23, "U8_4", 185, -380, "T", "DIP", "1S#D", "", "C", 66.93, 66.93, 43.31, 270],
		[24, "U8_4", 185, -380, "B", "DIP", "1S#D", "", "C", 66.93, 66.93, 43.31, 270],
		[25, "U8_5", 185, -480, "T", "DIP", "1Q", "", "C", 66.93, 66.93, 43.31, 270],
		[26, "U8_5", 185, -480, "B", "DIP", "1Q", "", "C", 66.93, 66.93, 43.31, 270],
		[27, "U8_6", 185, -580, "T", "DIP", "1Q#", "", "C", 66.93, 66.93, 43.31, 270],
		[28, "U8_6", 185, -580, "B", "DIP", "1Q#", "", "C", 66.93, 66.93, 43.31, 270],
		[29, "U8_7", 185, -680, "T", "DIP", "GND", "GND", "C", 66.93, 66.93, 43.31, 270],
		[30, "U8_7", 185, -680, "B", "DIP", "GND", "GND", "C", 66.93, 66.93, 43.31, 270],
		[31, "U9_1", 685, -680, "T", "DIP", "2Q#", "", "R", 66.93, 66.93, 43.31, 90],
		[32, "U9_1", 685, -680, "B", "DIP", "2Q#", "", "R", 66.93, 66.93, 43.31, 90],
		[33, "U9_2", 685, -580, "T", "DIP", "2Q", "", "C", 66.93, 66.93, 43.31, 90],
		[34, "U9_2", 685, -580, "B", "DIP", "2Q", "", "C", 66.93, 66.93, 43.31, 90],
		[35, "U9_3", 685, -480, "T", "DIP", "2S#D", "", "C", 66.93, 66.93, 43.31, 90],
		[36, "U9_3", 685, -480, "B", "DIP", "2S#D", "", "C", 66.93, 66.93, 43.31, 90],
		[37, "U9_4", 685, -380, "T", "DIP", "2CP", "", "C", 66.93, 66.93, 43.31, 90],
		[38, "U9_4", 685, -380, "B", "DIP", "2CP", "", "C", 66.93, 66.93, 43.31, 90],
		[39, "U9_5", 685, -280, "T", "DIP", "2D", "", "C", 66.93, 66.93, 43.31, 90],
		[40, "U9_5", 685, -280, "B", "DIP", "2D", "", "C", 66.93, 66.93, 43.31, 90],
		[41, "U9_6", 685, -180, "T", "DIP", "2R#D", "", "C", 66.93, 66.93, 43.31, 90],
		[42, "U9_6", 685, -180, "B", "DIP", "2R#D", "", "C", 66.93, 66.93, 43.31, 90],
		[43, "U9_7", 685, -80, "T", "DIP", "VCC", "", "C", 66.93, 66.93, 43.31, 90],
		[44, "U9_7", 685, -80, "B", "DIP", "VCC", "", "C", 66.93, 66.93, 43.31, 90]
	]
}
}