{
"lengthUnit": "mil",
"components": {
	"fields": ["COMPONENT_NO", "COMPONENT_NAME", "LAYER", "X_COORDINATE", "Y_COORDINATE", "ANGLE"],
	"rows": [
		[1, "C1", "T", 130.74, -50.42, 0],
		[2, "H1", "T", 130, -145, 0]
	]
},
"pins": {
	"fields": ["PIN_NO", "PIN_NAME", "PIN_X", "PIN_Y", "LAYER", "PIN_TYPE", "NET_NAME", "NET_TYPE", "PAD_SHAPE", "PAD_SIZEX", "PAD_SIZEY", "HOLE_SIZE", "PAD_ANGLE"],
	"rows": [
		[1, "C1_1", 91.37, -50.42, "T", "SMD", "$1N196", "", "R", 55.51, 53.15, 0, 0],
		[2, "C1_2", 170.11, -50.42, "T", "SMD", "$1N191", "", "R", 55.51, 53.15, 0, 0],
		[3, "H1_1", 80, -145, "T", "DIP", "$1N196", "", "R", 70.87, 70.87, 43.31, 0],
		[4, "H1_1", 80, -145, "B", "DIP", "$1N196", "", "R", 70.87, 70.87, 43.31, 0],
		[5, "H1_2", 180, -145, "T", "DIP", "$1N191", "", "C", 70.87, 70.87, 43.31, 0],
		[6, "H1_2", 180, -145, "B", "DIP", "$1N191", "", "C", 70.87, 70.87, 43.31, 0]
	]
}
}