{
"lengthUnit": "mil",
"components": {
	"fields": ["COMPONENT_NO", "COMPONENT_NAME", "LAYER", "X_COORDINATE", "Y_COORDINATE", "ANGLE"],
	"rows": [
		[1, "CN1", "T", 1073.16, -288.31, 0],
		[2, "H1", "T", 1150.7, -1125.7, 270],
		[3, "H2", "T", 250.7, -1125.7, 270],
		[4, "H3", "T", 2900, -140, 0],
		[5, "LED1", "T", 1450, -1500, 270],
		[6, "LED2", "T", 1525, -1500, 270],
		[7, "LED3", "T", 1600, -1500, 270],
		[8, "LED4", "T", 1675, -1500, 270],
		[9, "LED5", "T", 1750, -1500, 270],
		[10, "LED6", "T", 1825, -1500, 270],
		[11, "LED7", "T", 1900, -1500, 270],
		[12, "LED8", "T", 1975, -1500, 270],
		[13, "LED9", "T", 2050, -1500, 270],
		[14, "LED10", "T", 2125, -1500, 270],
		[15, "LED11", "T", 2200, -1500, 270],
		[16, "LED12", "T", 2275, -1500, 270],
		[17, "LED13", "T", 2350, -1500, 270],
		[18, "LED14", "T", 2425, -1500, 270],
		[19, "LED15", "T", 2500, -1500, 270],
		[20, "LED16", "T", 2575, -1500, 270],
		[21, "LED17", "T", 1675, -1325, 270],
		[22, "LED18", "T", 1600, -1325, 270],
		[23, "LED19", "T", 1525, -1325, 270],
		[24, "LED20", "T", 1450, -1325, 270],
		[25, "LED21", "T", 1975, -1325, 270],
		[26, "LED22", "T", 1900, -1325, 270],
		[27, "LED23", "T", 1825, -1325, 270],
		[28, "LED24", "T", 1750, -1325, 270],
		[29, "LED25", "T", 2275, -1325, 270],
		[30, "LED26", "T", 2200, -1325, 270],
		[31, "LED27", "T", 2125, -1325, 270],
		[32, "LED28", "T", 2050, -1325, 270],
		[33, "LED29", "T", 2575, -1325, 270],
		[34, "LED30", "T", 2500, -1325, 270],
		[35, "LED31", "T", 2425, -1325, 270],
		[36, "LED32", "T", 2350, -1325, 270],
		[37, "LED33", "T", 2575, -1175, 90],
		[38, "LED34", "T", 2500, -1175, 90],
		[39, "LED35", "T", 2425, -1175, 90],
		[40, "LED36", "T", 2350, -1175, 90],
		[41, "LED37", "T", 2275, -1175, 90],
		[42, "LED38", "T", 2200, -1175, 90],
		[43, "LED39", "T", 2125, -1175, 90],
		[44, "LED40", "T", 2050, -1175, 90],
		[45, "LED41", "T", 1675, -1175, 90],
		[46, "LED42", "T", 1600, -1175, 90],
		[47, "LED43", "T", 1525, -1175, 90],
		[48, "LED44", "T", 1450, -1175, 90],
		[49, "Power", "T", 2900, -1850, 0],
		[50, "Reset", "T", 3350, -1850, 0],
		[51, "RN1", "T", 1550, -1700, 0],
		[52, "RN2", "T", 1850, -1700, 0],
		[53, "RN3", "T", 2175, -1700, 0],
		[54, "RN4", "T", 2475, -1700, 0],
		[55, "RN5", "B", 1550, -1700, 180],
		[56, "RN6", "B", 1850, -1700, 180],
		[57, "RN7", "B", 2175, -1700, 180],
		[58, "RN8", "B", 2475, -1700, 180],
		[59, "RN9", "B", 1124.98, -1700, 180],
		[60, "RN10", "B", 824.99, -1700, 180],
		[61, "RN11", "T", 1550, -825, 180],
		[62, "U1", "T", 670, -1865, 0],
		[63, "U2", "T", 2005, -1865, 0],
		[64, "U3", "T", 2900, -520, 0]
	]
},
"pins": {
	"fields": ["PIN_NO", "PIN_NAME", "PIN_X", "PIN_Y", "LAYER", "PIN_TYPE", "NET_NAME", "NET_TYPE", "PAD_SHAPE", "PAD_SIZEX", "PAD_SIZEY", "HOLE_SIZE", "PAD_ANGLE"],
	"rows": [
		[1, "CN1_1", 163.71, -180.04, "T", "DIP", "+3.3V", "", "C", 114.17, 114.17, 59.06, 0],
		[2, "CN1_1", 163.71, -180.04, "B", "DIP", "+3.3V", "", "C", 114.17, 114.17, 59.06, 0],
		[3, "CN1_2", 329.07, -180.04, "T", "DIP", "+3.3V", "", "C", 114.17, 114.17, 59.06, 0],
		[4, "CN1_2", 329.07, -180.04, "B", "DIP", "+3.3V", "", "C", 114.17, 114.17, 59.06, 0],
		[5, "CN1_3", 494.42, -180.04, "T", "DIP", "GND", "GND", "C", 114.17, 114.17, 59.06, 0],
		[6, "CN1_3", 494.42, -180.04, "B", "DIP", "GND", "GND", "C", 114.17, 114.17, 59.06, 0],
		[7, "CN1_4", 659.78, -180.04, "T", "DIP", "+5V", "", "C", 114.17, 114.17, 59.06, 0],
		[8, "CN1_4", 659.78, -180.04, "B", "DIP", "+5V", "", "C", 114.17, 114.17, 59.06, 0],
		[9, "CN1_5", 825.13, -180.04, "T", "DIP", "GND", "GND", "C", 114.17, 114.17, 59.06, 0],
		[10, "CN1_5", 825.13, -180.04, "B", "DIP", "GND", "GND", "C", 114.17, 114.17, 59.06, 0],
		[11, "CN1_6", 990.48, -180.04, "T", "DIP", "+5V", "", "C", 114.17, 114.17, 59.06, 0],
		[12, "CN1_6", 990.48, -180.04, "B", "DIP", "+5V", "", "C", 114.17, 114.17, 59.06, 0],
		[13, "CN1_7", 1155.84, -180.04, "T", "DIP", "GND", "GND", "C", 114.17, 114.17, 59.06, 0],
		[14, "CN1_7", 1155.84, -180.04, "B", "DIP", "GND", "GND", "C", 114.17, 114.17, 59.06, 0],
		[15, "CN1_8", 1321.19, -180.04, "T", "DIP", "PWR-OK", "", "C", 114.17, 114.17, 59.06, 0],
		[16, "CN1_8", 1321.19, -180.04, "B", "DIP", "PWR-OK", "", "C", 114.17, 114.17, 59.06, 0],
		[17, "CN1_9", 1486.55, -180.04, "T", "DIP", "+5V-SB", "", "C", 114.17, 114.17, 59.06, 0],
		[18, "CN1_9", 1486.55, -180.04, "B", "DIP", "+5V-SB", "", "C", 114.17, 114.17, 59.06, 0],
		[19, "CN1_10", 1651.9, -180.04, "T", "DIP", "CN1_10", "", "C", 114.17, 114.17, 59.06, 0],
		[20, "CN1_10", 1651.9, -180.04, "B", "DIP", "CN1_10", "", "C", 114.17, 114.17, 59.06, 0],
		[21, "CN1_11", 1817.25, -180.04, "T", "DIP", "CN1_11", "", "C", 114.17, 114.17, 59.06, 0],
		[22, "CN1_11", 1817.25, -180.04, "B", "DIP", "CN1_11", "", "C", 114.17, 114.17, 59.06, 0],
		[23, "CN1_12", 1982.61, -180.04, "T", "DIP", "+3.3V", "", "C", 114.17, 114.17, 59.06, 0],
		[24, "CN1_12", 1982.61, -180.04, "B", "DIP", "+3.3V", "", "C", 114.17, 114.17, 59.06, 0],
		[25, "CN1_13", 163.71, -396.58, "T", "DIP", "+3.3V", "", "C", 114.17, 114.17, 59.06, 0],
		[26, "CN1_13", 163.71, -396.58, "B", "DIP", "+3.3V", "", "C", 114.17, 114.17, 59.06, 0],
		[27, "CN1_14", 329.07, -396.58, "T", "DIP", "CN1_14", "", "C", 114.17, 114.17, 59.06, 0],
		[28, "CN1_14", 329.07, -396.58, "B", "DIP", "CN1_14", "", "C", 114.17, 114.17, 59.06, 0],
		[29, "CN1_15", 494.42, -396.58, "T", "DIP", "GND", "GND", "C", 114.17, 114.17, 59.06, 0],
		[30, "CN1_15", 494.42, -396.58, "B", "DIP", "GND", "GND", "C", 114.17, 114.17, 59.06, 0],
		[31, "CN1_16", 659.78, -396.58, "T", "DIP", "PS-ON#", "", "C", 114.17, 114.17, 59.06, 0],
		[32, "CN1_16", 659.78, -396.58, "B", "DIP", "PS-ON#", "", "C", 114.17, 114.17, 59.06, 0],
		[33, "CN1_17", 825.13, -396.58, "T", "DIP", "GND", "GND", "C", 114.17, 114.17, 59.06, 0],
		[34, "CN1_17", 825.13, -396.58, "B", "DIP", "GND", "GND", "C", 114.17, 114.17, 59.06, 0],
		[35, "CN1_18", 990.48, -396.58, "T", "DIP", "GND", "GND", "C", 114.17, 114.17, 59.06, 0],
		[36, "CN1_18", 990.48, -396.58, "B", "DIP", "GND", "GND", "C", 114.17, 114.17, 59.06, 0],
		[37, "CN1_19", 1155.84, -396.58, "T", "DIP", "GND", "GND", "C", 114.17, 114.17, 59.06, 0],
		[38, "CN1_19", 1155.84, -396.58, "B", "DIP", "GND", "GND", "C", 114.17, 114.17, 59.06, 0],
		[39, "CN1_20", 1321.19, -396.58, "T", "DIP", "CN1_20", "", "C", 114.17, 114.17, 59.06, 0],
		[40, "CN1_20", 1321.19, -396.58, "B", "DIP", "CN1_20", "", "C", 114.17, 114.17, 59.06, 0],
		[41, "CN1_21", 1486.55, -396.58, "T", "DIP", "+5V", "", "C", 114.17, 114.17, 59.06, 0],
		[42, "CN1_21", 1486.55, -396.58, "B", "DIP", "+5V", "", "C", 114.17, 114.17, 59.06, 0],
		[43, "CN1_22", 1651.9, -396.58, "T", "DIP", "+5V", "", "C", 114.17, 114.17, 59.06, 0],
		[44, "CN1_22", 1651.9, -396.58, "B", "DIP", "+5V", "", "C", 114.17, 114.17, 59.06, 0],
		[45, "CN1_23", 1817.25, -396.58, "T", "DIP", "+5V", "", "C", 114.17, 114.17, 59.06, 0],
		[46, "CN1_23", 1817.25, -396.58, "B", "DIP", "+5V", "", "C", 114.17, 114.17, 59.06, 0],
		[47, "CN1_24", 1982.61, -396.58, "T", "DIP", "GND", "GND", "C", 114.17, 114.17, 59.06, 0],
		[48, "CN1_24", 1982.61, -396.58, "B", "DIP", "GND", "GND", "C", 114.17, 114.17, 59.06, 0],
		[49, "H1_1", 1150.7, -975.7, "T", "DIP", "GND", "GND", "R", 66.93, 66.93, 43.31, 270],
		[50, "H1_1", 1150.7, -975.7, "B", "DIP", "GND", "GND", "R", 66.93, 66.93, 43.31, 270],
		[51, "H1_2", 1150.7, -1075.7, "T", "DIP", "H1_2", "", "C", 66.93, 66.93, 43.31, 270],
		[52, "H1_2", 1150.7, -1075.7, "B", "DIP", "H1_2", "", "C", 66.93, 66.93, 43.31, 270],
		[53, "H1_3", 1150.7, -1175.7, "T", "DIP", "H1_3", "", "C", 66.93, 66.93, 43.31, 270],
		[54, "H1_3", 1150.7, -1175.7, "B", "DIP", "H1_3", "", "C", 66.93, 66.93, 43.31, 270],
		[55, "H1_4", 1150.7, -1275.7, "T", "DIP", "+5V", "", "C", 66.93, 66.93, 43.31, 270],
		[56, "H1_4", 1150.7, -1275.7, "B", "DIP", "+5V", "", "C", 66.93, 66.93, 43.31, 270],
		[57, "H2_1", 250.7, -975.7, "T", "DIP", "+3.3V", "", "R", 66.93, 66.93, 43.31, 270],
		[58, "H2_1", 250.7, -975.7, "B", "DIP", "+3.3V", "", "R", 66.93, 66.93, 43.31, 270],
		[59, "H2_2", 250.7, -1075.7, "T", "DIP", "H2_2", "", "C", 66.93, 66.93, 43.31, 270],
		[60, "H2_2", 250.7, -1075.7, "B", "DIP", "H2_2", "", "C", 66.93, 66.93, 43.31, 270],
		[61, "H2_3", 250.7, -1175.7, "T", "DIP", "CLK#", "", "C", 66.93, 66.93, 43.31, 270],
		[62, "H2_3", 250.7, -1175.7, "B", "DIP", "CLK#", "", "C", 66.93, 66.93, 43.31, 270],
		[63, "H2_4", 250.7, -1275.7, "T", "DIP", "CLK", "", "C", 66.93, 66.93, 43.31, 270],
		[64, "H2_4", 250.7, -1275.7, "B", "DIP", "CLK", "", "C", 66.93, 66.93, 43.31, 270],
		[65, "H3_1", 2700, -140, "T", "DIP", "+5V-SB", "", "R", 62, 62, 40.16, 0],
		[66, "H3_1", 2700, -140, "B", "DIP", "+5V-SB", "", "R", 62, 62, 40.16, 0],
		[67, "H3_2", 2800, -140, "T", "DIP", "PWR-SW1", "", "C", 62, 62, 40.16, 0],
		[68, "H3_2", 2800, -140, "B", "DIP", "PWR-SW1", "", "C", 62, 62, 40.16, 0],
		[69, "H3_3", 2900, -140, "T", "DIP", "PWR-SW2", "", "C", 62, 62, 40.16, 0],
		[70, "H3_3", 2900, -140, "B", "DIP", "PWR-SW2", "", "C", 62, 62, 40.16, 0],
		[71, "H3_4", 3000, -140, "T", "DIP", "GND", "GND", "C", 62, 62, 40.16, 0],
		[72, "H3_4", 3000, -140, "B", "DIP", "GND", "GND", "C", 62, 62, 40.16, 0],
		[73, "H3_5", 3100, -140, "T", "DIP", "PS-ON#", "", "C", 62, 62, 40.16, 0],
		[74, "H3_5", 3100, -140, "B", "DIP", "PS-ON#", "", "C", 62, 62, 40.16, 0],
		[75, "LED1_1", 1449.87, -1468.52, "T", "SMD", "GND", "GND", "R", 31.5, 31.5, 0, 0],
		[76, "LED1_2", 1450.14, -1531.48, "T", "SMD", "$1N3136", "", "R", 31.5, 31.5, 0, 0],
		[77, "LED2_1", 1524.87, -1468.52, "T", "SMD", "GND", "GND", "R", 31.5, 31.5, 0, 0],
		[78, "LED2_2", 1525.14, -1531.48, "T", "SMD", "$1N3179", "", "R", 31.5, 31.5, 0, 0],
		[79, "LED3_1", 1599.87, -1468.52, "T", "SMD", "GND", "GND", "R", 31.5, 31.5, 0, 0],
		[80, "LED3_2", 1600.14, -1531.48, "T", "SMD", "$1N3222", "", "R", 31.5, 31.5, 0, 0],
		[81, "LED4_1", 1674.87, -1468.52, "T", "SMD", "GND", "GND", "R", 31.5, 31.5, 0, 0],
		[82, "LED4_2", 1675.14, -1531.48, "T", "SMD", "$1N3265", "", "R", 31.5, 31.5, 0, 0],
		[83, "LED5_1", 1749.87, -1468.52, "T", "SMD", "GND", "GND", "R", 31.5, 31.5, 0, 0],
		[84, "LED5_2", 1750.14, -1531.48, "T", "SMD", "$1N3308", "", "R", 31.5, 31.5, 0, 0],
		[85, "LED6_1", 1824.87, -1468.52, "T", "SMD", "GND", "GND", "R", 31.5, 31.5, 0, 0],
		[86, "LED6_2", 1825.14, -1531.48, "T", "SMD", "$1N3351", "", "R", 31.5, 31.5, 0, 0],
		[87, "LED7_1", 1899.87, -1468.52, "T", "SMD", "GND", "GND", "R", 31.5, 31.5, 0, 0],
		[88, "LED7_2", 1900.14, -1531.48, "T", "SMD", "$1N3478", "", "R", 31.5, 31.5, 0, 0],
		[89, "LED8_1", 1974.87, -1468.52, "T", "SMD", "GND", "GND", "R", 31.5, 31.5, 0, 0],
		[90, "LED8_2", 1975.14, -1531.48, "T", "SMD", "$1N3435", "", "R", 31.5, 31.5, 0, 0],
		[91, "LED9_1", 2049.87, -1468.52, "T", "SMD", "GND", "GND", "R", 31.5, 31.5, 0, 0],
		[92, "LED9_2", 2050.14, -1531.48, "T", "SMD", "$1N3521", "", "R", 31.5, 31.5, 0, 0],
		[93, "LED10_1", 2124.87, -1468.52, "T", "SMD", "GND", "GND", "R", 31.5, 31.5, 0, 0],
		[94, "LED10_2", 2125.14, -1531.48, "T", "SMD", "$1N3564", "", "R", 31.5, 31.5, 0, 0],
		[95, "LED11_1", 2199.87, -1468.52, "T", "SMD", "GND", "GND", "R", 31.5, 31.5, 0, 0],
		[96, "LED11_2", 2200.14, -1531.48, "T", "SMD", "$1N3607", "", "R", 31.5, 31.5, 0, 0],
		[97, "LED12_1", 2274.87, -1468.52, "T", "SMD", "GND", "GND", "R", 31.5, 31.5, 0, 0],
		[98, "LED12_2", 2275.14, -1531.48, "T", "SMD", "$1N3650", "", "R", 31.5, 31.5, 0, 0],
		[99, "LED13_1", 2349.87, -1468.52, "T", "SMD", "GND", "GND", "R", 31.5, 31.5, 0, 0],
		[100, "LED13_2", 2350.14, -1531.48, "T", "SMD", "$1N3693", "", "R", 31.5, 31.5, 0, 0],
		[101, "LED14_1", 2424.87, -1468.52, "T", "SMD", "GND", "GND", "R", 31.5, 31.5, 0, 0],
		[102, "LED14_2", 2425.14, -1531.48, "T", "SMD", "$1N3736", "", "R", 31.5, 31.5, 0, 0],
		[103, "LED15_1", 2499.87, -1468.52, "T", "SMD", "GND", "GND", "R", 31.5, 31.5, 0, 0],
		[104, "LED15_2", 2500.14, -1531.48, "T", "SMD", "$1N3779", "", "R", 31.5, 31.5, 0, 0],
		[105, "LED16_1", 2574.87, -1468.52, "T", "SMD", "GND", "GND", "R", 31.5, 31.5, 0, 0],
		[106, "LED16_2", 2575.14, -1531.48, "T", "SMD", "$1N3822", "", "R", 31.5, 31.5, 0, 0],
		[107, "LED17_1", 1674.87, -1293.52, "T", "SMD", "GND", "GND", "R", 31.5, 31.5, 0, 0],
		[108, "LED17_2", 1675.14, -1356.48, "T", "SMD", "$1N5014", "", "R", 31.5, 31.5, 0, 0],
		[109, "LED18_1", 1599.87, -1293.52, "T", "SMD", "GND", "GND", "R", 31.5, 31.5, 0, 0],
		[110, "LED18_2", 1600.14, -1356.48, "T", "SMD", "$1N4984", "", "R", 31.5, 31.5, 0, 0],
		[111, "LED19_1", 1524.87, -1293.52, "T", "SMD", "GND", "GND", "R", 31.5, 31.5, 0, 0],
		[112, "LED19_2", 1525.14, -1356.48, "T", "SMD", "$1N4986", "", "R", 31.5, 31.5, 0, 0],
		[113, "LED20_1", 1449.87, -1293.52, "T", "SMD", "GND", "GND", "R", 31.5, 31.5, 0, 0],
		[114, "LED20_2", 1450.14, -1356.48, "T", "SMD", "$1N4988", "", "R", 31.5, 31.5, 0, 0],
		[115, "LED21_1", 1974.87, -1293.52, "T", "SMD", "GND", "GND", "R", 31.5, 31.5, 0, 0],
		[116, "LED21_2", 1975.14, -1356.48, "T", "SMD", "$1N4982", "", "R", 31.5, 31.5, 0, 0],
		[117, "LED22_1", 1899.87, -1293.52, "T", "SMD", "GND", "GND", "R", 31.5, 31.5, 0, 0],
		[118, "LED22_2", 1900.14, -1356.48, "T", "SMD", "$1N4976", "", "R", 31.5, 31.5, 0, 0],
		[119, "LED23_1", 1824.87, -1293.52, "T", "SMD", "GND", "GND", "R", 31.5, 31.5, 0, 0],
		[120, "LED23_2", 1825.14, -1356.48, "T", "SMD", "$1N4974", "", "R", 31.5, 31.5, 0, 0],
		[121, "LED24_1", 1749.87, -1293.52, "T", "SMD", "GND", "GND", "R", 31.5, 31.5, 0, 0],
		[122, "LED24_2", 1750.14, -1356.48, "T", "SMD", "$1N4956", "", "R", 31.5, 31.5, 0, 0],
		[123, "LED25_1", 2274.87, -1293.52, "T", "SMD", "GND", "GND", "R", 31.5, 31.5, 0, 0],
		[124, "LED25_2", 2275.14, -1356.48, "T", "SMD", "$1N4964", "", "R", 31.5, 31.5, 0, 0],
		[125, "LED26_1", 2199.87, -1293.52, "T", "SMD", "GND", "GND", "R", 31.5, 31.5, 0, 0],
		[126, "LED26_2", 2200.14, -1356.48, "T", "SMD", "$1N4962", "", "R", 31.5, 31.5, 0, 0],
		[127, "LED27_1", 2124.87, -1293.52, "T", "SMD", "GND", "GND", "R", 31.5, 31.5, 0, 0],
		[128, "LED27_2", 2125.14, -1356.48, "T", "SMD", "$1N4958", "", "R", 31.5, 31.5, 0, 0],
		[129, "LED28_1", 2049.87, -1293.52, "T", "SMD", "GND", "GND", "R", 31.5, 31.5, 0, 0],
		[130, "LED28_2", 2050.14, -1356.48, "T", "SMD", "$1N4960", "", "R", 31.5, 31.5, 0, 0],
		[131, "LED29_1", 2574.87, -1293.52, "T", "SMD", "GND", "GND", "R", 31.5, 31.5, 0, 0],
		[132, "LED29_2", 2575.14, -1356.48, "T", "SMD", "$1N4966", "", "R", 31.5, 31.5, 0, 0],
		[133, "LED30_1", 2499.87, -1293.52, "T", "SMD", "GND", "GND", "R", 31.5, 31.5, 0, 0],
		[134, "LED30_2", 2500.14, -1356.48, "T", "SMD", "$1N4968", "", "R", 31.5, 31.5, 0, 0],
		[135, "LED31_1", 2424.87, -1293.52, "T", "SMD", "GND", "GND", "R", 31.5, 31.5, 0, 0],
		[136, "LED31_2", 2425.14, -1356.48, "T", "SMD", "$1N4938", "", "R", 31.5, 31.5, 0, 0],
		[137, "LED32_1", 2349.87, -1293.52, "T", "SMD", "GND", "GND", "R", 31.5, 31.5, 0, 0],
		[138, "LED32_2", 2350.14, -1356.48, "T", "SMD", "$1N4936", "", "R", 31.5, 31.5, 0, 0],
		[139, "LED33_1", 2575.13, -1206.48, "T", "SMD", "GND", "GND", "R", 31.5, 31.5, 0, 180],
		[140, "LED33_2", 2574.86, -1143.52, "T", "SMD", "$1N8651", "", "R", 31.5, 31.5, 0, 180],
		[141, "LED34_1", 2500.13, -1206.48, "T", "SMD", "GND", "GND", "R", 31.5, 31.5, 0, 180],
		[142, "LED34_2", 2499.86, -1143.52, "T", "SMD", "$1N8652", "", "R", 31.5, 31.5, 0, 180],
		[143, "LED35_1", 2425.13, -1206.48, "T", "SMD", "GND", "GND", "R", 31.5, 31.5, 0, 180],
		[144, "LED35_2", 2424.86, -1143.52, "T", "SMD", "$1N8653", "", "R", 31.5, 31.5, 0, 180],
		[145, "LED36_1", 2350.13, -1206.48, "T", "SMD", "GND", "GND", "R", 31.5, 31.5, 0, 180],
		[146, "LED36_2", 2349.86, -1143.52, "T", "SMD", "$1N8654", "", "R", 31.5, 31.5, 0, 180],
		[147, "LED37_1", 2275.13, -1206.48, "T", "SMD", "GND", "GND", "R", 31.5, 31.5, 0, 180],
		[148, "LED37_2", 2274.86, -1143.52, "T", "SMD", "$1N8655", "", "R", 31.5, 31.5, 0, 180],
		[149, "LED38_1", 2200.13, -1206.48, "T", "SMD", "GND", "GND", "R", 31.5, 31.5, 0, 180],
		[150, "LED38_2", 2199.86, -1143.52, "T", "SMD", "$1N8656", "", "R", 31.5, 31.5, 0, 180],
		[151, "LED39_1", 2125.13, -1206.48, "T", "SMD", "GND", "GND", "R", 31.5, 31.5, 0, 180],
		[152, "LED39_2", 2124.86, -1143.52, "T", "SMD", "$1N8658", "", "R", 31.5, 31.5, 0, 180],
		[153, "LED40_1", 2050.13, -1206.48, "T", "SMD", "GND", "GND", "R", 31.5, 31.5, 0, 180],
		[154, "LED40_2", 2049.86, -1143.52, "T", "SMD", "$1N8657", "", "R", 31.5, 31.5, 0, 180],
		[155, "LED41_1", 1675.13, -1206.48, "T", "SMD", "GND", "GND", "R", 31.5, 31.5, 0, 180],
		[156, "LED41_2", 1674.86, -1143.52, "T", "SMD", "$1N10518", "", "R", 31.5, 31.5, 0, 180],
		[157, "LED42_1", 1600.13, -1206.48, "T", "SMD", "GND", "GND", "R", 31.5, 31.5, 0, 180],
		[158, "LED42_2", 1599.86, -1143.52, "T", "SMD", "$1N10563", "", "R", 31.5, 31.5, 0, 180],
		[159, "LED43_1", 1525.13, -1206.48, "T", "SMD", "GND", "GND", "R", 31.5, 31.5, 0, 180],
		[160, "LED43_2", 1524.86, -1143.52, "T", "SMD", "$1N10606", "", "R", 31.5, 31.5, 0, 180],
		[161, "LED44_1", 1450.13, -1206.48, "T", "SMD", "GND", "GND", "R", 31.5, 31.5, 0, 180],
		[162, "LED44_2", 1449.86, -1143.52, "T", "SMD", "$1N10649", "", "R", 31.5, 31.5, 0, 180],
		[163, "Power_1", 2742.52, -1850, "T", "SMD", "PWR-SW1", "", "R", 74.8, 59.05, 0, 0],
		[164, "Power_2", 3057.48, -1850, "T", "SMD", "PWR-SW2", "", "R", 74.8, 59.05, 0, 0],
		[165, "Reset_1", 3192.52, -1850, "T", "SMD", "RST-SW1", "", "R", 74.8, 59.05, 0, 0],
		[166, "Reset_2", 3507.48, -1850, "T", "SMD", "RST-SW2", "", "R", 74.8, 59.05, 0, 0],
		[167, "RN1_1", 1502.76, -1735.43, "T", "SMD", "A15", "", "R", 25.59, 31.5, 0, 0],
		[168, "RN1_2", 1534.25, -1735.43, "T", "SMD", "A14", "", "R", 19.68, 31.5, 0, 0],
		[169, "RN1_3", 1565.75, -1735.43, "T", "SMD", "A13", "", "R", 19.68, 31.5, 0, 0],
		[170, "RN1_4", 1597.24, -1735.43, "T", "SMD", "A12", "", "R", 25.59, 31.5, 0, 0],
		[171, "RN1_5", 1597.24, -1664.57, "T", "SMD", "$1N3265", "", "R", 25.59, 31.5, 0, 0],
		[172, "RN1_6", 1565.75, -1664.57, "T", "SMD", "$1N3222", "", "R", 19.68, 31.5, 0, 0],
		[173, "RN1_7", 1534.25, -1664.57, "T", "SMD", "$1N3179", "", "R", 19.68, 31.5, 0, 0],
		[174, "RN1_8", 1502.76, -1664.57, "T", "SMD", "$1N3136", "", "R", 25.59, 31.5, 0, 0],
		[175, "RN2_1", 1802.76, -1735.43, "T", "SMD", "A11", "", "R", 25.59, 31.5, 0, 0],
		[176, "RN2_2", 1834.25, -1735.43, "T", "SMD", "A10", "", "R", 19.68, 31.5, 0, 0],
		[177, "RN2_3", 1865.75, -1735.43, "T", "SMD", "A9", "", "R", 19.68, 31.5, 0, 0],
		[178, "RN2_4", 1897.24, -1735.43, "T", "SMD", "A8", "", "R", 25.59, 31.5, 0, 0],
		[179, "RN2_5", 1897.24, -1664.57, "T", "SMD", "$1N3435", "", "R", 25.59, 31.5, 0, 0],
		[180, "RN2_6", 1865.75, -1664.57, "T", "SMD", "$1N3478", "", "R", 19.68, 31.5, 0, 0],
		[181, "RN2_7", 1834.25, -1664.57, "T", "SMD", "$1N3351", "", "R", 19.68, 31.5, 0, 0],
		[182, "RN2_8", 1802.76, -1664.57, "T", "SMD", "$1N3308", "", "R", 25.59, 31.5, 0, 0],
		[183, "RN3_1", 2127.76, -1735.43, "T", "SMD", "A7", "", "R", 25.59, 31.5, 0, 0],
		[184, "RN3_2", 2159.25, -1735.43, "T", "SMD", "A6", "", "R", 19.68, 31.5, 0, 0],
		[185, "RN3_3", 2190.75, -1735.43, "T", "SMD", "A5", "", "R", 19.68, 31.5, 0, 0],
		[186, "RN3_4", 2222.24, -1735.43, "T", "SMD", "A4", "", "R", 25.59, 31.5, 0, 0],
		[187, "RN3_5", 2222.24, -1664.57, "T", "SMD", "$1N3650", "", "R", 25.59, 31.5, 0, 0],
		[188, "RN3_6", 2190.75, -1664.57, "T", "SMD", "$1N3607", "", "R", 19.68, 31.5, 0, 0],
		[189, "RN3_7", 2159.25, -1664.57, "T", "SMD", "$1N3564", "", "R", 19.68, 31.5, 0, 0],
		[190, "RN3_8", 2127.76, -1664.57, "T", "SMD", "$1N3521", "", "R", 25.59, 31.5, 0, 0],
		[191, "RN4_1", 2427.76, -1735.43, "T", "SMD", "A3", "", "R", 25.59, 31.5, 0, 0],
		[192, "RN4_2", 2459.25, -1735.43, "T", "SMD", "A2", "", "R", 19.68, 31.5, 0, 0],
		[193, "RN4_3", 2490.75, -1735.43, "T", "SMD", "A1", "", "R", 19.68, 31.5, 0, 0],
		[194, "RN4_4", 2522.24, -1735.43, "T", "SMD", "A0", "", "R", 25.59, 31.5, 0, 0],
		[195, "RN4_5", 2522.24, -1664.57, "T", "SMD", "$1N3822", "", "R", 25.59, 31.5, 0, 0],
		[196, "RN4_6", 2490.75, -1664.57, "T", "SMD", "$1N3779", "", "R", 19.68, 31.5, 0, 0],
		[197, "RN4_7", 2459.25, -1664.57, "T", "SMD", "$1N3736", "", "R", 19.68, 31.5, 0, 0],
		[198, "RN4_8", 2427.76, -1664.57, "T", "SMD", "$1N3693", "", "R", 25.59, 31.5, 0, 0],
		[199, "RN5_1", 1597.24, -1735.43, "B", "SMD", "D12", "", "R", 25.59, 31.5, 0, 180],
		[200, "RN5_2", 1565.75, -1735.43, "B", "SMD", "D13", "", "R", 19.68, 31.5, 0, 180],
		[201, "RN5_3", 1534.25, -1735.43, "B", "SMD", "D14", "", "R", 19.68, 31.5, 0, 180],
		[202, "RN5_4", 1502.76, -1735.43, "B", "SMD", "D15", "", "R", 25.59, 31.5, 0, 180],
		[203, "RN5_5", 1502.76, -1664.57, "B", "SMD", "$1N4988", "", "R", 25.59, 31.5, 0, 180],
		[204, "RN5_6", 1534.25, -1664.57, "B", "SMD", "$1N4986", "", "R", 19.68, 31.5, 0, 180],
		[205, "RN5_7", 1565.75, -1664.57, "B", "SMD", "$1N4984", "", "R", 19.68, 31.5, 0, 180],
		[206, "RN5_8", 1597.24, -1664.57, "B", "SMD", "$1N5014", "", "R", 25.59, 31.5, 0, 180],
		[207, "RN6_1", 1897.24, -1735.43, "B", "SMD", "D8", "", "R", 25.59, 31.5, 0, 180],
		[208, "RN6_2", 1865.75, -1735.43, "B", "SMD", "D9", "", "R", 19.68, 31.5, 0, 180],
		[209, "RN6_3", 1834.25, -1735.43, "B", "SMD", "D10", "", "R", 19.68, 31.5, 0, 180],
		[210, "RN6_4", 1802.76, -1735.43, "B", "SMD", "D11", "", "R", 25.59, 31.5, 0, 180],
		[211, "RN6_5", 1802.76, -1664.57, "B", "SMD", "$1N4956", "", "R", 25.59, 31.5, 0, 180],
		[212, "RN6_6", 1834.25, -1664.57, "B", "SMD", "$1N4974", "", "R", 19.68, 31.5, 0, 180],
		[213, "RN6_7", 1865.75, -1664.57, "B", "SMD", "$1N4976", "", "R", 19.68, 31.5, 0, 180],
		[214, "RN6_8", 1897.24, -1664.57, "B", "SMD", "$1N4982", "", "R", 25.59, 31.5, 0, 180],
		[215, "RN7_1", 2222.24, -1735.43, "B", "SMD", "D4", "", "R", 25.59, 31.5, 0, 180],
		[216, "RN7_2", 2190.75, -1735.43, "B", "SMD", "D5", "", "R", 19.68, 31.5, 0, 180],
		[217, "RN7_3", 2159.25, -1735.43, "B", "SMD", "D6", "", "R", 19.68, 31.5, 0, 180],
		[218, "RN7_4", 2127.76, -1735.43, "B", "SMD", "D7", "", "R", 25.59, 31.5, 0, 180],
		[219, "RN7_5", 2127.76, -1664.57, "B", "SMD", "$1N4960", "", "R", 25.59, 31.5, 0, 180],
		[220, "RN7_6", 2159.25, -1664.57, "B", "SMD", "$1N4958", "", "R", 19.68, 31.5, 0, 180],
		[221, "RN7_7", 2190.75, -1664.57, "B", "SMD", "$1N4962", "", "R", 19.68, 31.5, 0, 180],
		[222, "RN7_8", 2222.24, -1664.57, "B", "SMD", "$1N4964", "", "R", 25.59, 31.5, 0, 180],
		[223, "RN8_1", 2522.24, -1735.43, "B", "SMD", "D0", "", "R", 25.59, 31.5, 0, 180],
		[224, "RN8_2", 2490.75, -1735.43, "B", "SMD", "D1", "", "R", 19.68, 31.5, 0, 180],
		[225, "RN8_3", 2459.25, -1735.43, "B", "SMD", "D2", "", "R", 19.68, 31.5, 0, 180],
		[226, "RN8_4", 2427.76, -1735.43, "B", "SMD", "D3", "", "R", 25.59, 31.5, 0, 180],
		[227, "RN8_5", 2427.76, -1664.57, "B", "SMD", "$1N4936", "", "R", 25.59, 31.5, 0, 180],
		[228, "RN8_6", 2459.25, -1664.57, "B", "SMD", "$1N4938", "", "R", 19.68, 31.5, 0, 180],
		[229, "RN8_7", 2490.75, -1664.57, "B", "SMD", "$1N4968", "", "R", 19.68, 31.5, 0, 180],
		[230, "RN8_8", 2522.24, -1664.57, "B", "SMD", "$1N4966", "", "R", 25.59, 31.5, 0, 180],
		[231, "RN9_1", 1172.22, -1735.43, "B", "SMD", "C0", "", "R", 25.59, 31.5, 0, 180],
		[232, "RN9_2", 1140.73, -1735.43, "B", "SMD", "C1", "", "R", 19.68, 31.5, 0, 180],
		[233, "RN9_3", 1109.23, -1735.43, "B", "SMD", "C2", "", "R", 19.68, 31.5, 0, 180],
		[234, "RN9_4", 1077.74, -1735.43, "B", "SMD", "C3", "", "R", 25.59, 31.5, 0, 180],
		[235, "RN9_5", 1077.74, -1664.57, "B", "SMD", "$1N8654", "", "R", 25.59, 31.5, 0, 180],
		[236, "RN9_6", 1109.23, -1664.57, "B", "SMD", "$1N8653", "", "R", 19.68, 31.5, 0, 180],
		[237, "RN9_7", 1140.73, -1664.57, "B", "SMD", "$1N8652", "", "R", 19.68, 31.5, 0, 180],
		[238, "RN9_8", 1172.22, -1664.57, "B", "SMD", "$1N8651", "", "R", 25.59, 31.5, 0, 180],
		[239, "RN10_1", 872.23, -1735.43, "B", "SMD", "C4", "", "R", 25.59, 31.5, 0, 180],
		[240, "RN10_2", 840.74, -1735.43, "B", "SMD", "C5", "", "R", 19.68, 31.5, 0, 180],
		[241, "RN10_3", 809.24, -1735.43, "B", "SMD", "C6", "", "R", 19.68, 31.5, 0, 180],
		[242, "RN10_4", 777.75, -1735.43, "B", "SMD", "C7", "", "R", 25.59, 31.5, 0, 180],
		[243, "RN10_5", 777.75, -1664.57, "B", "SMD", "$1N8657", "", "R", 25.59, 31.5, 0, 180],
		[244, "RN10_6", 809.24, -1664.57, "B", "SMD", "$1N8658", "", "R", 19.68, 31.5, 0, 180],
		[245, "RN10_7", 840.74, -1664.57, "B", "SMD", "$1N8656", "", "R", 19.68, 31.5, 0, 180],
		[246, "RN10_8", 872.23, -1664.57, "B", "SMD", "$1N8655", "", "R", 25.59, 31.5, 0, 180],
		[247, "RN11_1", 1597.24, -789.57, "T", "SMD", "CLK", "", "R", 25.59, 31.5, 0, 180],
		[248, "RN11_2", 1565.75, -789.57, "T", "SMD", "RST", "", "R", 19.68, 31.5, 0, 180],
		[249, "RN11_3", 1534.25, -789.57, "T", "SMD", "PWR-OK", "", "R", 19.68, 31.5, 0, 180],
		[250, "RN11_4", 1502.76, -789.57, "T", "SMD", "+5V-SB", "", "R", 25.59, 31.5, 0, 180],
		[251, "RN11_5", 1502.76, -860.43, "T", "SMD", "$1N10649", "", "R", 25.59, 31.5, 0, 180],
		[252, "RN11_6", 1534.25, -860.43, "T", "SMD", "$1N10606", "", "R", 19.68, 31.5, 0, 180],
		[253, "RN11_7", 1565.75, -860.43, "T", "SMD", "$1N10563", "", "R", 19.68, 31.5, 0, 180],
		[254, "RN11_8", 1597.24, -860.43, "T", "SMD", "$1N10518", "", "R", 25.59, 31.5, 0, 180],
		[255, "U1_1", 79.45, -1904.37, "T", "DIP", "GND", "GND", "R", 51.18, 51.18, 31.5, 0],
		[256, "U1_1", 79.45, -1904.37, "B", "DIP", "GND", "GND", "R", 51.18, 51.18, 31.5, 0],
		[257, "U1_2", 79.45, -1825.63, "T", "DIP", "GND", "GND", "C", 51.18, 51.18, 31.5, 0],
		[258, "U1_2", 79.45, -1825.63, "B", "DIP", "GND", "GND", "C", 51.18, 51.18, 31.5, 0],
		[259, "U1_3", 158.19, -1904.37, "T", "DIP", "GND", "GND", "C", 51.18, 51.18, 31.5, 0],
		[260, "U1_3", 158.19, -1904.37, "B", "DIP", "GND", "GND", "C", 51.18, 51.18, 31.5, 0],
		[261, "U1_4", 158.19, -1825.63, "T", "DIP", "GND", "GND", "C", 51.18, 51.18, 31.5, 0],
		[262, "U1_4", 158.19, -1825.63, "B", "DIP", "GND", "GND", "C", 51.18, 51.18, 31.5, 0],
		[263, "U1_5", 236.93, -1904.37, "T", "DIP", "+5V", "", "C", 51.18, 51.18, 31.5, 0],
		[264, "U1_5", 236.93, -1904.37, "B", "DIP", "+5V", "", "C", 51.18, 51.18, 31.5, 0],
		[265, "U1_6", 236.93, -1825.63, "T", "DIP", "+5V", "", "C", 51.18, 51.18, 31.5, 0],
		[266, "U1_6", 236.93, -1825.63, "B", "DIP", "+5V", "", "C", 51.18, 51.18, 31.5, 0],
		[267, "U1_7", 315.67, -1904.37, "T", "DIP", "+5V", "", "C", 51.18, 51.18, 31.5, 0],
		[268, "U1_7", 315.67, -1904.37, "B", "DIP", "+5V", "", "C", 51.18, 51.18, 31.5, 0],
		[269, "U1_8", 315.67, -1825.63, "T", "DIP", "+5V", "", "C", 51.18, 51.18, 31.5, 0],
		[270, "U1_8", 315.67, -1825.63, "B", "DIP", "+5V", "", "C", 51.18, 51.18, 31.5, 0],
		[271, "U1_9", 394.41, -1904.37, "T", "DIP", "+5V", "", "C", 51.18, 51.18, 31.5, 0],
		[272, "U1_9", 394.41, -1904.37, "B", "DIP", "+5V", "", "C", 51.18, 51.18, 31.5, 0],
		[273, "U1_10", 394.41, -1825.63, "T", "DIP", "+5V", "", "C", 51.18, 51.18, 31.5, 0],
		[274, "U1_10", 394.41, -1825.63, "B", "DIP", "+5V", "", "C", 51.18, 51.18, 31.5, 0],
		[275, "U1_11", 473.15, -1904.37, "T", "DIP", "+5V", "", "C", 51.18, 51.18, 31.5, 0],
		[276, "U1_11", 473.15, -1904.37, "B", "DIP", "+5V", "", "C", 51.18, 51.18, 31.5, 0],
		[277, "U1_12", 473.15, -1825.63, "T", "DIP", "+5V", "", "C", 51.18, 51.18, 31.5, 0],
		[278, "U1_12", 473.15, -1825.63, "B", "DIP", "+5V", "", "C", 51.18, 51.18, 31.5, 0],
		[279, "U1_13", 551.89, -1904.37, "T", "DIP", "GND", "GND", "C", 51.18, 51.18, 31.5, 0],
		[280, "U1_13", 551.89, -1904.37, "B", "DIP", "GND", "GND", "C", 51.18, 51.18, 31.5, 0],
		[281, "U1_14", 551.89, -1825.63, "T", "DIP", "GND", "GND", "C", 51.18, 51.18, 31.5, 0],
		[282, "U1_14", 551.89, -1825.63, "B", "DIP", "GND", "GND", "C", 51.18, 51.18, 31.5, 0],
		[283, "U1_15", 630.63, -1904.37, "T", "DIP", "GND", "GND", "C", 51.18, 51.18, 31.5, 0],
		[284, "U1_15", 630.63, -1904.37, "B", "DIP", "GND", "GND", "C", 51.18, 51.18, 31.5, 0],
		[285, "U1_16", 630.63, -1825.63, "T", "DIP", "GND", "GND", "C", 51.18, 51.18, 31.5, 0],
		[286, "U1_16", 630.63, -1825.63, "B", "DIP", "GND", "GND", "C", 51.18, 51.18, 31.5, 0],
		[287, "U1_17", 709.37, -1904.37, "T", "DIP", "C7", "", "C", 51.18, 51.18, 31.5, 0],
		[288, "U1_17", 709.37, -1904.37, "B", "DIP", "C7", "", "C", 51.18, 51.18, 31.5, 0],
		[289, "U1_18", 709.37, -1825.63, "T", "DIP", "RST", "", "C", 51.18, 51.18, 31.5, 0],
		[290, "U1_18", 709.37, -1825.63, "B", "DIP", "RST", "", "C", 51.18, 51.18, 31.5, 0],
		[291, "U1_19", 788.11, -1904.37, "T", "DIP", "C6", "", "C", 51.18, 51.18, 31.5, 0],
		[292, "U1_19", 788.11, -1904.37, "B", "DIP", "C6", "", "C", 51.18, 51.18, 31.5, 0],
		[293, "U1_20", 788.11, -1825.63, "T", "DIP", "CLK", "", "C", 51.18, 51.18, 31.5, 0],
		[294, "U1_20", 788.11, -1825.63, "B", "DIP", "CLK", "", "C", 51.18, 51.18, 31.5, 0],
		[295, "U1_21", 866.85, -1904.37, "T", "DIP", "C5", "", "C", 51.18, 51.18, 31.5, 0],
		[296, "U1_21", 866.85, -1904.37, "B", "DIP", "C5", "", "C", 51.18, 51.18, 31.5, 0],
		[297, "U1_22", 866.85, -1825.63, "T", "DIP", "CLK#", "", "C", 51.18, 51.18, 31.5, 0],
		[298, "U1_22", 866.85, -1825.63, "B", "DIP", "CLK#", "", "C", 51.18, 51.18, 31.5, 0],
		[299, "U1_23", 945.59, -1904.37, "T", "DIP", "C4", "", "C", 51.18, 51.18, 31.5, 0],
		[300, "U1_23", 945.59, -1904.37, "B", "DIP", "C4", "", "C", 51.18, 51.18, 31.5, 0],
		[301, "U1_24", 945.59, -1825.63, "T", "DIP", "U1_24", "", "C", 51.18, 51.18, 31.5, 0],
		[302, "U1_24", 945.59, -1825.63, "B", "DIP", "U1_24", "", "C", 51.18, 51.18, 31.5, 0],
		[303, "U1_25", 1024.33, -1904.37, "T", "DIP", "C3", "", "C", 51.18, 51.18, 31.5, 0],
		[304, "U1_25", 1024.33, -1904.37, "B", "DIP", "C3", "", "C", 51.18, 51.18, 31.5, 0],
		[305, "U1_26", 1024.33, -1825.63, "T", "DIP", "U1_26", "", "C", 51.18, 51.18, 31.5, 0],
		[306, "U1_26", 1024.33, -1825.63, "B", "DIP", "U1_26", "", "C", 51.18, 51.18, 31.5, 0],
		[307, "U1_27", 1103.07, -1904.37, "T", "DIP", "C2", "", "C", 51.18, 51.18, 31.5, 0],
		[308, "U1_27", 1103.07, -1904.37, "B", "DIP", "C2", "", "C", 51.18, 51.18, 31.5, 0],
		[309, "U1_28", 1103.07, -1825.63, "T", "DIP", "U1_28", "", "C", 51.18, 51.18, 31.5, 0],
		[310, "U1_28", 1103.07, -1825.63, "B", "DIP", "U1_28", "", "C", 51.18, 51.18, 31.5, 0],
		[311, "U1_29", 1181.81, -1904.37, "T", "DIP", "C1", "", "C", 51.18, 51.18, 31.5, 0],
		[312, "U1_29", 1181.81, -1904.37, "B", "DIP", "C1", "", "C", 51.18, 51.18, 31.5, 0],
		[313, "U1_30", 1181.81, -1825.63, "T", "DIP", "+3.3V", "", "C", 51.18, 51.18, 31.5, 0],
		[314, "U1_30", 1181.81, -1825.63, "B", "DIP", "+3.3V", "", "C", 51.18, 51.18, 31.5, 0],
		[315, "U1_31", 1260.55, -1904.37, "T", "DIP", "C0", "", "C", 51.18, 51.18, 31.5, 0],
		[316, "U1_31", 1260.55, -1904.37, "B", "DIP", "C0", "", "C", 51.18, 51.18, 31.5, 0],
		[317, "U1_32", 1260.55, -1825.63, "T", "DIP", "+3.3V", "", "C", 51.18, 51.18, 31.5, 0],
		[318, "U1_32", 1260.55, -1825.63, "B", "DIP", "+3.3V", "", "C", 51.18, 51.18, 31.5, 0],
		[319, "U2_1", 1414.45, -1904.37, "T", "DIP", "D15", "", "R", 51.18, 51.18, 31.5, 0],
		[320, "U2_1", 1414.45, -1904.37, "B", "DIP", "D15", "", "R", 51.18, 51.18, 31.5, 0],
		[321, "U2_2", 1414.45, -1825.63, "T", "DIP", "A15", "", "C", 51.18, 51.18, 31.5, 0],
		[322, "U2_2", 1414.45, -1825.63, "B", "DIP", "A15", "", "C", 51.18, 51.18, 31.5, 0],
		[323, "U2_3", 1493.19, -1904.37, "T", "DIP", "D14", "", "C", 51.18, 51.18, 31.5, 0],
		[324, "U2_3", 1493.19, -1904.37, "B", "DIP", "D14", "", "C", 51.18, 51.18, 31.5, 0],
		[325, "U2_4", 1493.19, -1825.63, "T", "DIP", "A14", "", "C", 51.18, 51.18, 31.5, 0],
		[326, "U2_4", 1493.19, -1825.63, "B", "DIP", "A14", "", "C", 51.18, 51.18, 31.5, 0],
		[327, "U2_5", 1571.93, -1904.37, "T", "DIP", "D13", "", "C", 51.18, 51.18, 31.5, 0],
		[328, "U2_5", 1571.93, -1904.37, "B", "DIP", "D13", "", "C", 51.18, 51.18, 31.5, 0],
		[329, "U2_6", 1571.93, -1825.63, "T", "DIP", "A13", "", "C", 51.18, 51.18, 31.5, 0],
		[330, "U2_6", 1571.93, -1825.63, "B", "DIP", "A13", "", "C", 51.18, 51.18, 31.5, 0],
		[331, "U2_7", 1650.67, -1904.37, "T", "DIP", "D12", "", "C", 51.18, 51.18, 31.5, 0],
		[332, "U2_7", 1650.67, -1904.37, "B", "DIP", "D12", "", "C", 51.18, 51.18, 31.5, 0],
		[333, "U2_8", 1650.67, -1825.63, "T", "DIP", "A12", "", "C", 51.18, 51.18, 31.5, 0],
		[334, "U2_8", 1650.67, -1825.63, "B", "DIP", "A12", "", "C", 51.18, 51.18, 31.5, 0],
		[335, "U2_9", 1729.41, -1904.37, "T", "DIP", "D11", "", "C", 51.18, 51.18, 31.5, 0],
		[336, "U2_9", 1729.41, -1904.37, "B", "DIP", "D11", "", "C", 51.18, 51.18, 31.5, 0],
		[337, "U2_10", 1729.41, -1825.63, "T", "DIP", "A11", "", "C", 51.18, 51.18, 31.5, 0],
		[338, "U2_10", 1729.41, -1825.63, "B", "DIP", "A11", "", "C", 51.18, 51.18, 31.5, 0],
		[339, "U2_11", 1808.15, -1904.37, "T", "DIP", "D10", "", "C", 51.18, 51.18, 31.5, 0],
		[340, "U2_11", 1808.15, -1904.37, "B", "DIP", "D10", "", "C", 51.18, 51.18, 31.5, 0],
		[341, "U2_12", 1808.15, -1825.63, "T", "DIP", "A10", "", "C", 51.18, 51.18, 31.5, 0],
		[342, "U2_12", 1808.15, -1825.63, "B", "DIP", "A10", "", "C", 51.18, 51.18, 31.5, 0],
		[343, "U2_13", 1886.89, -1904.37, "T", "DIP", "D9", "", "C", 51.18, 51.18, 31.5, 0],
		[344, "U2_13", 1886.89, -1904.37, "B", "DIP", "D9", "", "C", 51.18, 51.18, 31.5, 0],
		[345, "U2_14", 1886.89, -1825.63, "T", "DIP", "A9", "", "C", 51.18, 51.18, 31.5, 0],
		[346, "U2_14", 1886.89, -1825.63, "B", "DIP", "A9", "", "C", 51.18, 51.18, 31.5, 0],
		[347, "U2_15", 1965.63, -1904.37, "T", "DIP", "D8", "", "C", 51.18, 51.18, 31.5, 0],
		[348, "U2_15", 1965.63, -1904.37, "B", "DIP", "D8", "", "C", 51.18, 51.18, 31.5, 0],
		[349, "U2_16", 1965.63, -1825.63, "T", "DIP", "A8", "", "C", 51.18, 51.18, 31.5, 0],
		[350, "U2_16", 1965.63, -1825.63, "B", "DIP", "A8", "", "C", 51.18, 51.18, 31.5, 0],
		[351, "U2_17", 2044.37, -1904.37, "T", "DIP", "D7", "", "C", 51.18, 51.18, 31.5, 0],
		[352, "U2_17", 2044.37, -1904.37, "B", "DIP", "D7", "", "C", 51.18, 51.18, 31.5, 0],
		[353, "U2_18", 2044.37, -1825.63, "T", "DIP", "A7", "", "C", 51.18, 51.18, 31.5, 0],
		[354, "U2_18", 2044.37, -1825.63, "B", "DIP", "A7", "", "C", 51.18, 51.18, 31.5, 0],
		[355, "U2_19", 2123.11, -1904.37, "T", "DIP", "D6", "", "C", 51.18, 51.18, 31.5, 0],
		[356, "U2_19", 2123.11, -1904.37, "B", "DIP", "D6", "", "C", 51.18, 51.18, 31.5, 0],
		[357, "U2_20", 2123.11, -1825.63, "T", "DIP", "A6", "", "C", 51.18, 51.18, 31.5, 0],
		[358, "U2_20", 2123.11, -1825.63, "B", "DIP", "A6", "", "C", 51.18, 51.18, 31.5, 0],
		[359, "U2_21", 2201.85, -1904.37, "T", "DIP", "D5", "", "C", 51.18, 51.18, 31.5, 0],
		[360, "U2_21", 2201.85, -1904.37, "B", "DIP", "D5", "", "C", 51.18, 51.18, 31.5, 0],
		[361, "U2_22", 2201.85, -1825.63, "T", "DIP", "A5", "", "C", 51.18, 51.18, 31.5, 0],
		[362, "U2_22", 2201.85, -1825.63, "B", "DIP", "A5", "", "C", 51.18, 51.18, 31.5, 0],
		[363, "U2_23", 2280.59, -1904.37, "T", "DIP", "D4", "", "C", 51.18, 51.18, 31.5, 0],
		[364, "U2_23", 2280.59, -1904.37, "B", "DIP", "D4", "", "C", 51.18, 51.18, 31.5, 0],
		[365, "U2_24", 2280.59, -1825.63, "T", "DIP", "A4", "", "C", 51.18, 51.18, 31.5, 0],
		[366, "U2_24", 2280.59, -1825.63, "B", "DIP", "A4", "", "C", 51.18, 51.18, 31.5, 0],
		[367, "U2_25", 2359.33, -1904.37, "T", "DIP", "D3", "", "C", 51.18, 51.18, 31.5, 0],
		[368, "U2_25", 2359.33, -1904.37, "B", "DIP", "D3", "", "C", 51.18, 51.18, 31.5, 0],
		[369, "U2_26", 2359.33, -1825.63, "T", "DIP", "A3", "", "C", 51.18, 51.18, 31.5, 0],
		[370, "U2_26", 2359.33, -1825.63, "B", "DIP", "A3", "", "C", 51.18, 51.18, 31.5, 0],
		[371, "U2_27", 2438.07, -1904.37, "T", "DIP", "D2", "", "C", 51.18, 51.18, 31.5, 0],
		[372, "U2_27", 2438.07, -1904.37, "B", "DIP", "D2", "", "C", 51.18, 51.18, 31.5, 0],
		[373, "U2_28", 2438.07, -1825.63, "T", "DIP", "A2", "", "C", 51.18, 51.18, 31.5, 0],
		[374, "U2_28", 2438.07, -1825.63, "B", "DIP", "A2", "", "C", 51.18, 51.18, 31.5, 0],
		[375, "U2_29", 2516.81, -1904.37, "T", "DIP", "D1", "", "C", 51.18, 51.18, 31.5, 0],
		[376, "U2_29", 2516.81, -1904.37, "B", "DIP", "D1", "", "C", 51.18, 51.18, 31.5, 0],
		[377, "U2_30", 2516.81, -1825.63, "T", "DIP", "A1", "", "C", 51.18, 51.18, 31.5, 0],
		[378, "U2_30", 2516.81, -1825.63, "B", "DIP", "A1", "", "C", 51.18, 51.18, 31.5, 0],
		[379, "U2_31", 2595.55, -1904.37, "T", "DIP", "D0", "", "C", 51.18, 51.18, 31.5, 0],
		[380, "U2_31", 2595.55, -1904.37, "B", "DIP", "D0", "", "C", 51.18, 51.18, 31.5, 0],
		[381, "U2_32", 2595.55, -1825.63, "T", "DIP", "A0", "", "C", 51.18, 51.18, 31.5, 0],
		[382, "U2_32", 2595.55, -1825.63, "B", "DIP", "A0", "", "C", 51.18, 51.18, 31.5, 0],
		[383, "U3_1", 2600, -520, "T", "DIP", "+5V-SB", "", "R", 62, 66.93, 43.31, 0],
		[384, "U3_1", 2600, -520, "B", "DIP", "+5V-SB", "", "R", 62, 66.93, 43.31, 0],
		[385, "U3_2", 2700, -520, "T", "DIP", "GND", "GND", "C", 66.93, 66.93, 43.31, 0],
		[386, "U3_2", 2700, -520, "B", "DIP", "GND", "GND", "C", 66.93, 66.93, 43.31, 0],
		[387, "U3_3", 2800, -520, "T", "DIP", "+5V", "", "C", 66.93, 66.93, 43.31, 0],
		[388, "U3_3", 2800, -520, "B", "DIP", "+5V", "", "C", 66.93, 66.93, 43.31, 0],
		[389, "U3_4", 2900, -520, "T", "DIP", "PWR-OK", "", "C", 66.93, 66.93, 43.31, 0],
		[390, "U3_4", 2900, -520, "B", "DIP", "PWR-OK", "", "C", 66.93, 66.93, 43.31, 0],
		[391, "U3_5", 3000, -520, "T", "DIP", "RST-SW1", "", "C", 66.93, 66.93, 43.31, 0],
		[392, "U3_5", 3000, -520, "B", "DIP", "RST-SW1", "", "C", 66.93, 66.93, 43.31, 0],
		[393, "U3_6", 3100, -520, "T", "DIP", "RST-SW2", "", "C", 66.93, 66.93, 43.31, 0],
		[394, "U3_6", 3100, -520, "B", "DIP", "RST-SW2", "", "C", 66.93, 66.93, 43.31, 0],
		[395, "U3_7", 3200, -520, "T", "DIP", "RST", "", "C", 66.93, 66.93, 43.31, 0],
		[396, "U3_7", 3200, -520, "B", "DIP", "RST", "", "C", 66.93, 66.93, 43.31, 0]
	]
}
}