{
"lengthUnit": "mil",
"components": {
	"fields": ["COMPONENT_NO", "COMPONENT_NAME", "LAYER", "X_COORDINATE", "Y_COORDINATE", "ANGLE"],
	"rows": [
		[1, "C3", "T", 100, -520, 0],
		[2, "C4", "T", 310, -220, 90],
		[3, "C5", "T", 824.49, -332.85, 90],
		[4, "C6", "T", 465, -330, 90],
		[5, "H1", "T", 475, -565, 0],
		[6, "R1", "T", 245.81, -92.33, 0],
		[7, "R2", "T", 341.96, -391.78, 90],
		[8, "R3", "T", 720, -305, 180],
		[9, "U1", "T", 161.5, -307.33, 0],
		[10, "U2", "T", 550, -400, 180],
		[11, "U3", "T", 720, -410, 180],
		[12, "U4", "B", 660, -170, 180],
		[13, "X1", "T", 645, -170, 0]
	]
},
"pins": {
	"fields": ["PIN_NO", "PIN_NAME", "PIN_X", "PIN_Y", "LAYER", "PIN_TYPE", "NET_NAME", "NET_TYPE", "PAD_SHAPE", "PAD_SIZEX", "PAD_SIZEY", "HOLE_SIZE", "PAD_ANGLE"],
	"rows": [
		[1, "C3_1", 60.63, -520, "T", "SMD", "GND", "GND", "R", 55.51, 53.15, 0, 0],
		[2, "C3_2", 139.37, -520, "T", "SMD", "$1N244", "", "R", 55.51, 53.15, 0, 0],
		[3, "C4_1", 310, -247.56, "T", "SMD", "GND", "GND", "R", 31.5, 35.43, 0, 90],
		[4, "C4_2", 310, -192.44, "T", "SMD", "$1N242", "", "R", 31.5, 35.43, 0, 90],
		[5, "C5_1", 824.49, -360.41, "T", "SMD", "GND", "GND", "R", 31.5, 35.43, 0, 90],
		[6, "C5_2", 824.49, -305.29, "T", "SMD", "$1N1624", "", "R", 31.5, 35.43, 0, 90],
		[7, "C6_1", 465, -357.56, "T", "SMD", "GND", "GND", "R", 31.5, 35.43, 0, 90],
		[8, "C6_2", 465, -302.44, "T", "SMD", "$1N1585", "", "R", 31.5, 35.43, 0, 90],
		[9, "H1_1", 325, -565, "T", "DIP", "CLK-LS", "", "R", 70.87, 70.87, 43.31, 0],
		[10, "H1_1", 325, -565, "B", "DIP", "CLK-LS", "", "R", 70.87, 70.87, 43.31, 0],
		[11, "H1_2", 425, -565, "T", "DIP", "CLK-HS", "", "C", 70.87, 70.87, 43.31, 0],
		[12, "H1_2", 425, -565, "B", "DIP", "CLK-HS", "", "C", 70.87, 70.87, 43.31, 0],
		[13, "H1_3", 525, -565, "T", "DIP", "GND", "GND", "C", 70.87, 70.87, 43.31, 0],
		[14, "H1_3", 525, -565, "B", "DIP", "GND", "GND", "C", 70.87, 70.87, 43.31, 0],
		[15, "H1_4", 625, -565, "T", "DIP", "+5V", "", "C", 70.87, 70.87, 43.31, 0],
		[16, "H1_4", 625, -565, "B", "DIP", "+5V", "", "C", 70.87, 70.87, 43.31, 0],
		[17, "R1_1", 187.59, -92.33, "T", "SMD", "$1N244", "", "R", 47.54, 66.97, 0, 0],
		[18, "R1_2", 304.03, -92.33, "T", "SMD", "CLK-LS", "", "R", 47.54, 66.97, 0, 0],
		[19, "R2_1", 341.96, -450, "T", "SMD", "$1N1524", "", "R", 47.54, 66.97, 0, 90],
		[20, "R2_2", 341.96, -333.56, "T", "SMD", "$1N1585", "", "R", 47.54, 66.97, 0, 90],
		[21, "R3_1", 749.66, -305, "T", "SMD", "$1N1624", "", "R", 31.75, 34.02, 0, 180],
		[22, "R3_2", 690.34, -305, "T", "SMD", "$1N1524", "", "R", 31.75, 34.02, 0, 180],
		[23, "U1_1", 86.5, -416.48, "T", "SMD", "GND", "GND", "O", 23.15, 80.51, 0, 0],
		[24, "U1_2", 136.5, -416.48, "T", "SMD", "$1N244", "", "O", 23.15, 80.51, 0, 0],
		[25, "U1_3", 186.5, -416.48, "T", "SMD", "CLK-LS", "", "O", 23.15, 80.51, 0, 0],
		[26, "U1_4", 236.5, -416.48, "T", "SMD", "+5V", "", "O", 23.15, 80.51, 0, 0],
		[27, "U1_5", 236.5, -198.18, "T", "SMD", "$1N242", "", "O", 23.15, 80.51, 0, 0],
		[28, "U1_6", 186.5, -198.18, "T", "SMD", "$1N244", "", "O", 23.15, 80.51, 0, 0],
		[29, "U1_7", 136.5, -198.18, "T", "SMD", "U1_7", "", "O", 23.15, 80.51, 0, 0],
		[30, "U1_8", 86.5, -198.18, "T", "SMD", "+5V", "", "O", 23.15, 80.51, 0, 0],
		[31, "U2_1", 575.59, -360.24, "T", "SMD", "U2_1", "", "R", 15.75, 31.5, 0, 0],
		[32, "U2_2", 550, -360.24, "T", "SMD", "$1N1585", "", "R", 15.75, 31.5, 0, 0],
		[33, "U2_3", 524.41, -360.24, "T", "SMD", "GND", "GND", "R", 15.75, 31.5, 0, 0],
		[34, "U2_4", 524.41, -439.76, "T", "SMD", "$1N1669", "", "R", 15.75, 31.5, 0, 0],
		[35, "U2_5", 575.59, -439.76, "T", "SMD", "+5V", "", "R", 15.75, 31.5, 0, 0],
		[36, "U3_1", 745.59, -370.24, "T", "SMD", "U3_1", "", "R", 15.75, 31.5, 0, 0],
		[37, "U3_2", 720, -370.24, "T", "SMD", "$1N1524", "", "R", 15.75, 31.5, 0, 0],
		[38, "U3_3", 694.41, -370.24, "T", "SMD", "GND", "GND", "R", 15.75, 31.5, 0, 0],
		[39, "U3_4", 694.41, -449.76, "T", "SMD", "$1N1526", "", "R", 15.75, 31.5, 0, 0],
		[40, "U3_5", 745.59, -449.76, "T", "SMD", "+5V", "", "R", 15.75, 31.5, 0, 0],
		[41, "U4_1", 810, -277.63, "B", "SMD", "GND", "GND", "O", 23.43, 77.46, 0, 180],
		[42, "U4_2", 760, -277.63, "B", "SMD", "U4_2", "", "O", 23.43, 77.46, 0, 180],
		[43, "U4_3", 710, -277.63, "B", "SMD", "GND", "GND", "O", 23.43, 77.46, 0, 180],
		[44, "U4_4", 660, -277.63, "B", "SMD", "U4_4", "", "O", 23.43, 77.46, 0, 180],
		[45, "U4_5", 610, -277.63, "B", "SMD", "$1N1669", "", "O", 23.43, 77.46, 0, 180],
		[46, "U4_6", 560, -277.63, "B", "SMD", "$1N1524", "", "O", 23.43, 77.46, 0, 180],
		[47, "U4_7", 510, -277.63, "B", "SMD", "GND", "GND", "O", 23.43, 77.46, 0, 180],
		[48, "U4_8", 510, -62.37, "B", "SMD", "U4_8", "", "O", 23.43, 77.46, 0, 180],
		[49, "U4_9", 560, -62.37, "B", "SMD", "GND", "GND", "O", 23.43, 77.46, 0, 180],
		[50, "U4_10", 610, -62.37, "B", "SMD", "U4_10", "", "O", 23.43, 77.46, 0, 180],
		[51, "U4_11", 660, -62.37, "B", "SMD", "GND", "GND", "O", 23.43, 77.46, 0, 180],
		[52, "U4_12", 710, -62.37, "B", "SMD", "CLK-HS", "", "O", 23.43, 77.46, 0, 180],
		[53, "U4_13", 760, -62.37, "B", "SMD", "$1N1526", "", "O", 23.43, 77.46, 0, 180],
		[54, "U4_14", 810, -62.37, "B", "SMD", "+5V", "", "O", 23.43, 77.46, 0, 180],
		[55, "X1_1", 465.75, -170, "T", "SMD", "$1N1585", "", "R", 216.54, 51.18, 0, 0],
		[56, "X1_2", 824.25, -170, "T", "SMD", "$1N1624", "", "R", 216.54, 51.18, 0, 0]
	]
}
}