{
"lengthUnit": "mil",
"components": {
	"fields": ["COMPONENT_NO", "COMPONENT_NAME", "LAYER", "X_COORDINATE", "Y_COORDINATE", "ANGLE"],
	"rows": [
		[1, "C1", "T", 120, -60, 0],
		[2, "H1", "T", 127.87, -150.16, 0]
	]
},
"pins": {
	"fields": ["PIN_NO", "PIN_NAME", "PIN_X", "PIN_Y", "LAYER", "PIN_TYPE", "NET_NAME", "NET_TYPE", "PAD_SHAPE", "PAD_SIZEX", "PAD_SIZEY", "HOLE_SIZE", "PAD_ANGLE"],
	"rows": [
		[1, "C1_1", 92.44, -60, "T", "SMD", "$1N160", "", "R", 31.5, 35.43, 0, 0],
		[2, "C1_2", 147.56, -60, "T", "SMD", "$1N155", "", "R", 31.5, 35.43, 0, 0],
		[3, "H1_1", 77.87, -150.16, "T", "DIP", "$1N160", "", "R", 70.87, 70.87, 43.31, 0],
		[4, "H1_1", 77.87, -150.16, "B", "DIP", "$1N160", "", "R", 70.87, 70.87, 43.31, 0],
		[5, "H1_2", 177.87, -150.16, "T", "DIP", "$1N155", "", "C", 70.87, 70.87, 43.31, 0],
		[6, "H1_2", 177.87, -150.16, "B", "DIP", "$1N155", "", "C", 70.87, 70.87, 43.31, 0]
	]
}
}