{
"lengthUnit": "mil",
"components": {
	"fields": ["COMPONENT_NO", "COMPONENT_NAME", "LAYER", "X_COORDINATE", "Y_COORDINATE", "ANGLE"],
	"rows": [
		[1, "H1", "T", 115, -205, 0],
		[2, "R1", "T", 115, -105, 0]
	]
},
"pins": {
	"fields": ["PIN_NO", "PIN_NAME", "PIN_X", "PIN_Y", "LAYER", "PIN_TYPE", "NET_NAME", "NET_TYPE", "PAD_SHAPE", "PAD_SIZEX", "PAD_SIZEY", "HOLE_SIZE", "PAD_ANGLE"],
	"rows": [
		[1, "H1_1", 65, -205, "T", "DIP", "$1N166", "", "R", 70.87, 70.87, 43.31, 0],
		[2, "H1_1", 65, -205, "B", "DIP", "$1N166", "", "R", 70.87, 70.87, 43.31, 0],
		[3, "H1_2", 165, -205, "T", "DIP", "$1N161", "", "C", 70.87, 70.87, 43.31, 0],
		[4, "H1_2", 165, -205, "B", "DIP", "$1N161", "", "C", 70.87, 70.87, 43.31, 0],
		[5, "R1_1", 56.78, -105, "T", "SMD", "$1N166", "", "R", 47.54, 66.97, 0, 0],
		[6, "R1_2", 173.22, -105, "T", "SMD", "$1N161", "", "R", 47.54, 66.97, 0, 0]
	]
}
}