{
"lengthUnit": "mil",
"components": {
	"fields": ["COMPONENT_NO", "COMPONENT_NAME", "LAYER", "X_COORDINATE", "Y_COORDINATE", "ANGLE"],
	"rows": [
		[1, "C1", "T", 485, -450, 0],
		[2, "C2", "T", 540, -3505, 180],
		[3, "C3", "T", 3570, -3565, 0],
		[4, "C4", "T", 195, -3510, 0],
		[5, "C5", "T", 3525, -400, 0],
		[6, "H1", "T", 670, -106.22, 180],
		[7, "H2", "T", 2005, -105, 180],
		[8, "H3", "T", 110, -910, 270],
		[9, "H4", "T", 3830, -2230, 90],
		[10, "U1", "T", 670, -3790, 0],
		[11, "U2", "T", 2005, -3790, 0],
		[12, "U3", "T", 130, -2230, 270],
		[13, "U4", "T", 3810, -910, 90],
		[14, "U5", "T", 2850, -2300, 0],
		[15, "U6", "T", 1150, -2300, 0],
		[16, "U7", "T", 2850, -800, 0],
		[17, "U8", "T", 1150, -800, 0],
		[18, "U9", "T", 2850, -3150, 0],
		[19, "U10", "T", 1150, -3150, 0],
		[20, "U11", "T", 2850, -1550, 0],
		[21, "U12", "T", 1150, -1550, 0]
	]
},
"pins": {
	"fields": ["PIN_NO", "PIN_NAME", "PIN_X", "PIN_Y", "LAYER", "PIN_TYPE", "NET_NAME", "NET_TYPE", "PAD_SHAPE", "PAD_SIZEX", "PAD_SIZEY", "HOLE_SIZE", "PAD_ANGLE"],
	"rows": [
		[1, "C1_1", 416.1, -450, "T", "DIP", "+5V", "", "C", 62.99, 62.99, 39.37, 90],
		[2, "C1_1", 416.1, -450, "B", "DIP", "+5V", "", "C", 62.99, 62.99, 39.37, 90],
		[3, "C1_2", 553.9, -450, "T", "DIP", "GND", "GND", "C", 62.99, 62.99, 39.37, 90],
		[4, "C1_2", 553.9, -450, "B", "DIP", "GND", "GND", "C", 62.99, 62.99, 39.37, 90],
		[5, "C2_1", 608.9, -3505, "T", "DIP", "+3.3V", "", "C", 62.99, 62.99, 39.37, 270],
		[6, "C2_1", 608.9, -3505, "B", "DIP", "+3.3V", "", "C", 62.99, 62.99, 39.37, 270],
		[7, "C2_2", 471.1, -3505, "T", "DIP", "GND", "GND", "C", 62.99, 62.99, 39.37, 270],
		[8, "C2_2", 471.1, -3505, "B", "DIP", "GND", "GND", "C", 62.99, 62.99, 39.37, 270],
		[9, "C3_1", 3501.1, -3565, "T", "DIP", "+5V", "", "C", 62.99, 62.99, 39.37, 90],
		[10, "C3_1", 3501.1, -3565, "B", "DIP", "+5V", "", "C", 62.99, 62.99, 39.37, 90],
		[11, "C3_2", 3638.9, -3565, "T", "DIP", "GND", "GND", "C", 62.99, 62.99, 39.37, 90],
		[12, "C3_2", 3638.9, -3565, "B", "DIP", "GND", "GND", "C", 62.99, 62.99, 39.37, 90],
		[13, "C4_1", 126.1, -3510, "T", "DIP", "+5V", "", "C", 62.99, 62.99, 39.37, 90],
		[14, "C4_1", 126.1, -3510, "B", "DIP", "+5V", "", "C", 62.99, 62.99, 39.37, 90],
		[15, "C4_2", 263.9, -3510, "T", "DIP", "GND", "GND", "C", 62.99, 62.99, 39.37, 90],
		[16, "C4_2", 263.9, -3510, "B", "DIP", "GND", "GND", "C", 62.99, 62.99, 39.37, 90],
		[17, "C5_1", 3456.1, -400, "T", "DIP", "+5V", "", "C", 62.99, 62.99, 39.37, 90],
		[18, "C5_1", 3456.1, -400, "B", "DIP", "+5V", "", "C", 62.99, 62.99, 39.37, 90],
		[19, "C5_2", 3593.9, -400, "T", "DIP", "GND", "GND", "C", 62.99, 62.99, 39.37, 90],
		[20, "C5_2", 3593.9, -400, "B", "DIP", "GND", "GND", "C", 62.99, 62.99, 39.37, 90],
		[21, "H1_1", 1260.55, -66.85, "T", "DIP", "C0", "", "R", 60, 60, 36, 180],
		[22, "H1_1", 1260.55, -66.85, "B", "DIP", "C0", "", "R", 60, 60, 36, 180],
		[23, "H1_2", 1260.55, -145.59, "T", "DIP", "+3.3V", "", "C", 60, 60, 36, 180],
		[24, "H1_2", 1260.55, -145.59, "B", "DIP", "+3.3V", "", "C", 60, 60, 36, 180],
		[25, "H1_3", 1181.81, -66.85, "T", "DIP", "C1", "", "C", 60, 60, 36, 180],
		[26, "H1_3", 1181.81, -66.85, "B", "DIP", "C1", "", "C", 60, 60, 36, 180],
		[27, "H1_4", 1181.81, -145.59, "T", "DIP", "+3.3V", "", "C", 60, 60, 36, 180],
		[28, "H1_4", 1181.81, -145.59, "B", "DIP", "+3.3V", "", "C", 60, 60, 36, 180],
		[29, "H1_5", 1103.07, -66.85, "T", "DIP", "C2", "", "C", 60, 60, 36, 180],
		[30, "H1_5", 1103.07, -66.85, "B", "DIP", "C2", "", "C", 60, 60, 36, 180],
		[31, "H1_6", 1103.07, -145.59, "T", "DIP", "H1_6", "", "C", 60, 60, 36, 180],
		[32, "H1_6", 1103.07, -145.59, "B", "DIP", "H1_6", "", "C", 60, 60, 36, 180],
		[33, "H1_7", 1024.33, -66.85, "T", "DIP", "C3", "", "C", 60, 60, 36, 180],
		[34, "H1_7", 1024.33, -66.85, "B", "DIP", "C3", "", "C", 60, 60, 36, 180],
		[35, "H1_8", 1024.33, -145.59, "T", "DIP", "H1_8", "", "C", 60, 60, 36, 180],
		[36, "H1_8", 1024.33, -145.59, "B", "DIP", "H1_8", "", "C", 60, 60, 36, 180],
		[37, "H1_9", 945.59, -66.85, "T", "DIP", "C4", "", "C", 60, 60, 36, 180],
		[38, "H1_9", 945.59, -66.85, "B", "DIP", "C4", "", "C", 60, 60, 36, 180],
		[39, "H1_10", 945.59, -145.59, "T", "DIP", "HLT", "", "C", 60, 60, 36, 180],
		[40, "H1_10", 945.59, -145.59, "B", "DIP", "HLT", "", "C", 60, 60, 36, 180],
		[41, "H1_11", 866.85, -66.85, "T", "DIP", "C5", "", "C", 60, 60, 36, 180],
		[42, "H1_11", 866.85, -66.85, "B", "DIP", "C5", "", "C", 60, 60, 36, 180],
		[43, "H1_12", 866.85, -145.59, "T", "DIP", "CLK#", "", "C", 60, 60, 36, 180],
		[44, "H1_12", 866.85, -145.59, "B", "DIP", "CLK#", "", "C", 60, 60, 36, 180],
		[45, "H1_13", 788.11, -66.85, "T", "DIP", "C6", "", "C", 60, 60, 36, 180],
		[46, "H1_13", 788.11, -66.85, "B", "DIP", "C6", "", "C", 60, 60, 36, 180],
		[47, "H1_14", 788.11, -145.59, "T", "DIP", "CLK", "", "C", 60, 60, 36, 180],
		[48, "H1_14", 788.11, -145.59, "B", "DIP", "CLK", "", "C", 60, 60, 36, 180],
		[49, "H1_15", 709.37, -66.85, "T", "DIP", "C7", "", "C", 60, 60, 36, 180],
		[50, "H1_15", 709.37, -66.85, "B", "DIP", "C7", "", "C", 60, 60, 36, 180],
		[51, "H1_16", 709.37, -145.59, "T", "DIP", "RST", "", "C", 60, 60, 36, 180],
		[52, "H1_16", 709.37, -145.59, "B", "DIP", "RST", "", "C", 60, 60, 36, 180],
		[53, "H1_17", 630.63, -66.85, "T", "DIP", "GND", "GND", "C", 60, 60, 36, 180],
		[54, "H1_17", 630.63, -66.85, "B", "DIP", "GND", "GND", "C", 60, 60, 36, 180],
		[55, "H1_18", 630.63, -145.59, "T", "DIP", "GND", "GND", "C", 60, 60, 36, 180],
		[56, "H1_18", 630.63, -145.59, "B", "DIP", "GND", "GND", "C", 60, 60, 36, 180],
		[57, "H1_19", 551.89, -66.85, "T", "DIP", "GND", "GND", "C", 60, 60, 36, 180],
		[58, "H1_19", 551.89, -66.85, "B", "DIP", "GND", "GND", "C", 60, 60, 36, 180],
		[59, "H1_20", 551.89, -145.59, "T", "DIP", "GND", "GND", "C", 60, 60, 36, 180],
		[60, "H1_20", 551.89, -145.59, "B", "DIP", "GND", "GND", "C", 60, 60, 36, 180],
		[61, "H1_21", 473.15, -66.85, "T", "DIP", "+5V", "", "C", 60, 60, 36, 180],
		[62, "H1_21", 473.15, -66.85, "B", "DIP", "+5V", "", "C", 60, 60, 36, 180],
		[63, "H1_22", 473.15, -145.59, "T", "DIP", "+5V", "", "C", 60, 60, 36, 180],
		[64, "H1_22", 473.15, -145.59, "B", "DIP", "+5V", "", "C", 60, 60, 36, 180],
		[65, "H1_23", 394.41, -66.85, "T", "DIP", "+5V", "", "C", 60, 60, 36, 180],
		[66, "H1_23", 394.41, -66.85, "B", "DIP", "+5V", "", "C", 60, 60, 36, 180],
		[67, "H1_24", 394.41, -145.59, "T", "DIP", "+5V", "", "C", 60, 60, 36, 180],
		[68, "H1_24", 394.41, -145.59, "B", "DIP", "+5V", "", "C", 60, 60, 36, 180],
		[69, "H1_25", 315.67, -66.85, "T", "DIP", "+5V", "", "C", 60, 60, 36, 180],
		[70, "H1_25", 315.67, -66.85, "B", "DIP", "+5V", "", "C", 60, 60, 36, 180],
		[71, "H1_26", 315.67, -145.59, "T", "DIP", "+5V", "", "C", 60, 60, 36, 180],
		[72, "H1_26", 315.67, -145.59, "B", "DIP", "+5V", "", "C", 60, 60, 36, 180],
		[73, "H1_27", 236.93, -66.85, "T", "DIP", "+5V", "", "C", 60, 60, 36, 180],
		[74, "H1_27", 236.93, -66.85, "B", "DIP", "+5V", "", "C", 60, 60, 36, 180],
		[75, "H1_28", 236.93, -145.59, "T", "DIP", "+5V", "", "C", 60, 60, 36, 180],
		[76, "H1_28", 236.93, -145.59, "B", "DIP", "+5V", "", "C", 60, 60, 36, 180],
		[77, "H1_29", 158.19, -66.85, "T", "DIP", "GND", "GND", "C", 60, 60, 36, 180],
		[78, "H1_29", 158.19, -66.85, "B", "DIP", "GND", "GND", "C", 60, 60, 36, 180],
		[79, "H1_30", 158.19, -145.59, "T", "DIP", "GND", "GND", "C", 60, 60, 36, 180],
		[80, "H1_30", 158.19, -145.59, "B", "DIP", "GND", "GND", "C", 60, 60, 36, 180],
		[81, "H1_31", 79.45, -66.85, "T", "DIP", "GND", "GND", "C", 60, 60, 36, 180],
		[82, "H1_31", 79.45, -66.85, "B", "DIP", "GND", "GND", "C", 60, 60, 36, 180],
		[83, "H1_32", 79.45, -145.59, "T", "DIP", "GND", "GND", "C", 60, 60, 36, 180],
		[84, "H1_32", 79.45, -145.59, "B", "DIP", "GND", "GND", "C", 60, 60, 36, 180],
		[85, "H2_1", 2595.55, -65.63, "T", "DIP", "D0", "", "R", 60, 60, 36, 180],
		[86, "H2_1", 2595.55, -65.63, "B", "DIP", "D0", "", "R", 60, 60, 36, 180],
		[87, "H2_2", 2595.55, -144.37, "T", "DIP", "A0", "", "C", 60, 60, 36, 180],
		[88, "H2_2", 2595.55, -144.37, "B", "DIP", "A0", "", "C", 60, 60, 36, 180],
		[89, "H2_3", 2516.81, -65.63, "T", "DIP", "D1", "", "C", 60, 60, 36, 180],
		[90, "H2_3", 2516.81, -65.63, "B", "DIP", "D1", "", "C", 60, 60, 36, 180],
		[91, "H2_4", 2516.81, -144.37, "T", "DIP", "A1", "", "C", 60, 60, 36, 180],
		[92, "H2_4", 2516.81, -144.37, "B", "DIP", "A1", "", "C", 60, 60, 36, 180],
		[93, "H2_5", 2438.07, -65.63, "T", "DIP", "D2", "", "C", 60, 60, 36, 180],
		[94, "H2_5", 2438.07, -65.63, "B", "DIP", "D2", "", "C", 60, 60, 36, 180],
		[95, "H2_6", 2438.07, -144.37, "T", "DIP", "A2", "", "C", 60, 60, 36, 180],
		[96, "H2_6", 2438.07, -144.37, "B", "DIP", "A2", "", "C", 60, 60, 36, 180],
		[97, "H2_7", 2359.33, -65.63, "T", "DIP", "D3", "", "C", 60, 60, 36, 180],
		[98, "H2_7", 2359.33, -65.63, "B", "DIP", "D3", "", "C", 60, 60, 36, 180],
		[99, "H2_8", 2359.33, -144.37, "T", "DIP", "A3", "", "C", 60, 60, 36, 180],
		[100, "H2_8", 2359.33, -144.37, "B", "DIP", "A3", "", "C", 60, 60, 36, 180],
		[101, "H2_9", 2280.59, -65.63, "T", "DIP", "D4", "", "C", 60, 60, 36, 180],
		[102, "H2_9", 2280.59, -65.63, "B", "DIP", "D4", "", "C", 60, 60, 36, 180],
		[103, "H2_10", 2280.59, -144.37, "T", "DIP", "A4", "", "C", 60, 60, 36, 180],
		[104, "H2_10", 2280.59, -144.37, "B", "DIP", "A4", "", "C", 60, 60, 36, 180],
		[105, "H2_11", 2201.85, -65.63, "T", "DIP", "D5", "", "C", 60, 60, 36, 180],
		[106, "H2_11", 2201.85, -65.63, "B", "DIP", "D5", "", "C", 60, 60, 36, 180],
		[107, "H2_12", 2201.85, -144.37, "T", "DIP", "A5", "", "C", 60, 60, 36, 180],
		[108, "H2_12", 2201.85, -144.37, "B", "DIP", "A5", "", "C", 60, 60, 36, 180],
		[109, "H2_13", 2123.11, -65.63, "T", "DIP", "D6", "", "C", 60, 60, 36, 180],
		[110, "H2_13", 2123.11, -65.63, "B", "DIP", "D6", "", "C", 60, 60, 36, 180],
		[111, "H2_14", 2123.11, -144.37, "T", "DIP", "A6", "", "C", 60, 60, 36, 180],
		[112, "H2_14", 2123.11, -144.37, "B", "DIP", "A6", "", "C", 60, 60, 36, 180],
		[113, "H2_15", 2044.37, -65.63, "T", "DIP", "D7", "", "C", 60, 60, 36, 180],
		[114, "H2_15", 2044.37, -65.63, "B", "DIP", "D7", "", "C", 60, 60, 36, 180],
		[115, "H2_16", 2044.37, -144.37, "T", "DIP", "A7", "", "C", 60, 60, 36, 180],
		[116, "H2_16", 2044.37, -144.37, "B", "DIP", "A7", "", "C", 60, 60, 36, 180],
		[117, "H2_17", 1965.63, -65.63, "T", "DIP", "D8", "", "C", 60, 60, 36, 180],
		[118, "H2_17", 1965.63, -65.63, "B", "DIP", "D8", "", "C", 60, 60, 36, 180],
		[119, "H2_18", 1965.63, -144.37, "T", "DIP", "A8", "", "C", 60, 60, 36, 180],
		[120, "H2_18", 1965.63, -144.37, "B", "DIP", "A8", "", "C", 60, 60, 36, 180],
		[121, "H2_19", 1886.89, -65.63, "T", "DIP", "D9", "", "C", 60, 60, 36, 180],
		[122, "H2_19", 1886.89, -65.63, "B", "DIP", "D9", "", "C", 60, 60, 36, 180],
		[123, "H2_20", 1886.89, -144.37, "T", "DIP", "A9", "", "C", 60, 60, 36, 180],
		[124, "H2_20", 1886.89, -144.37, "B", "DIP", "A9", "", "C", 60, 60, 36, 180],
		[125, "H2_21", 1808.15, -65.63, "T", "DIP", "D10", "", "C", 60, 60, 36, 180],
		[126, "H2_21", 1808.15, -65.63, "B", "DIP", "D10", "", "C", 60, 60, 36, 180],
		[127, "H2_22", 1808.15, -144.37, "T", "DIP", "A10", "", "C", 60, 60, 36, 180],
		[128, "H2_22", 1808.15, -144.37, "B", "DIP", "A10", "", "C", 60, 60, 36, 180],
		[129, "H2_23", 1729.41, -65.63, "T", "DIP", "D11", "", "C", 60, 60, 36, 180],
		[130, "H2_23", 1729.41, -65.63, "B", "DIP", "D11", "", "C", 60, 60, 36, 180],
		[131, "H2_24", 1729.41, -144.37, "T", "DIP", "A11", "", "C", 60, 60, 36, 180],
		[132, "H2_24", 1729.41, -144.37, "B", "DIP", "A11", "", "C", 60, 60, 36, 180],
		[133, "H2_25", 1650.67, -65.63, "T", "DIP", "D12", "", "C", 60, 60, 36, 180],
		[134, "H2_25", 1650.67, -65.63, "B", "DIP", "D12", "", "C", 60, 60, 36, 180],
		[135, "H2_26", 1650.67, -144.37, "T", "DIP", "A12", "", "C", 60, 60, 36, 180],
		[136, "H2_26", 1650.67, -144.37, "B", "DIP", "A12", "", "C", 60, 60, 36, 180],
		[137, "H2_27", 1571.93, -65.63, "T", "DIP", "D13", "", "C", 60, 60, 36, 180],
		[138, "H2_27", 1571.93, -65.63, "B", "DIP", "D13", "", "C", 60, 60, 36, 180],
		[139, "H2_28", 1571.93, -144.37, "T", "DIP", "A13", "", "C", 60, 60, 36, 180],
		[140, "H2_28", 1571.93, -144.37, "B", "DIP", "A13", "", "C", 60, 60, 36, 180],
		[141, "H2_29", 1493.19, -65.63, "T", "DIP", "D14", "", "C", 60, 60, 36, 180],
		[142, "H2_29", 1493.19, -65.63, "B", "DIP", "D14", "", "C", 60, 60, 36, 180],
		[143, "H2_30", 1493.19, -144.37, "T", "DIP", "A14", "", "C", 60, 60, 36, 180],
		[144, "H2_30", 1493.19, -144.37, "B", "DIP", "A14", "", "C", 60, 60, 36, 180],
		[145, "H2_31", 1414.45, -65.63, "T", "DIP", "D15", "", "C", 60, 60, 36, 180],
		[146, "H2_31", 1414.45, -65.63, "B", "DIP", "D15", "", "C", 60, 60, 36, 180],
		[147, "H2_32", 1414.45, -144.37, "T", "DIP", "A15", "", "C", 60, 60, 36, 180],
		[148, "H2_32", 1414.45, -144.37, "B", "DIP", "A15", "", "C", 60, 60, 36, 180],
		[149, "H3_1", 70.63, -319.45, "T", "DIP", "GND", "GND", "R", 60, 60, 36, 270],
		[150, "H3_1", 70.63, -319.45, "B", "DIP", "GND", "GND", "R", 60, 60, 36, 270],
		[151, "H3_2", 149.37, -319.45, "T", "DIP", "GND", "GND", "C", 60, 60, 36, 270],
		[152, "H3_2", 149.37, -319.45, "B", "DIP", "GND", "GND", "C", 60, 60, 36, 270],
		[153, "H3_3", 70.63, -398.19, "T", "DIP", "GND", "GND", "C", 60, 60, 36, 270],
		[154, "H3_3", 70.63, -398.19, "B", "DIP", "GND", "GND", "C", 60, 60, 36, 270],
		[155, "H3_4", 149.37, -398.19, "T", "DIP", "GND", "GND", "C", 60, 60, 36, 270],
		[156, "H3_4", 149.37, -398.19, "B", "DIP", "GND", "GND", "C", 60, 60, 36, 270],
		[157, "H3_5", 70.63, -476.93, "T", "DIP", "+5V", "", "C", 60, 60, 36, 270],
		[158, "H3_5", 70.63, -476.93, "B", "DIP", "+5V", "", "C", 60, 60, 36, 270],
		[159, "H3_6", 149.37, -476.93, "T", "DIP", "+5V", "", "C", 60, 60, 36, 270],
		[160, "H3_6", 149.37, -476.93, "B", "DIP", "+5V", "", "C", 60, 60, 36, 270],
		[161, "H3_7", 70.63, -555.67, "T", "DIP", "+5V", "", "C", 60, 60, 36, 270],
		[162, "H3_7", 70.63, -555.67, "B", "DIP", "+5V", "", "C", 60, 60, 36, 270],
		[163, "H3_8", 149.37, -555.67, "T", "DIP", "+5V", "", "C", 60, 60, 36, 270],
		[164, "H3_8", 149.37, -555.67, "B", "DIP", "+5V", "", "C", 60, 60, 36, 270],
		[165, "H3_9", 70.63, -634.41, "T", "DIP", "+5V", "", "C", 60, 60, 36, 270],
		[166, "H3_9", 70.63, -634.41, "B", "DIP", "+5V", "", "C", 60, 60, 36, 270],
		[167, "H3_10", 149.37, -634.41, "T", "DIP", "+5V", "", "C", 60, 60, 36, 270],
		[168, "H3_10", 149.37, -634.41, "B", "DIP", "+5V", "", "C", 60, 60, 36, 270],
		[169, "H3_11", 70.63, -713.15, "T", "DIP", "+5V", "", "C", 60, 60, 36, 270],
		[170, "H3_11", 70.63, -713.15, "B", "DIP", "+5V", "", "C", 60, 60, 36, 270],
		[171, "H3_12", 149.37, -713.15, "T", "DIP", "+5V", "", "C", 60, 60, 36, 270],
		[172, "H3_12", 149.37, -713.15, "B", "DIP", "+5V", "", "C", 60, 60, 36, 270],
		[173, "H3_13", 70.63, -791.89, "T", "DIP", "GND", "GND", "C", 60, 60, 36, 270],
		[174, "H3_13", 70.63, -791.89, "B", "DIP", "GND", "GND", "C", 60, 60, 36, 270],
		[175, "H3_14", 149.37, -791.89, "T", "DIP", "GND", "GND", "C", 60, 60, 36, 270],
		[176, "H3_14", 149.37, -791.89, "B", "DIP", "GND", "GND", "C", 60, 60, 36, 270],
		[177, "H3_15", 70.63, -870.63, "T", "DIP", "GND", "GND", "C", 60, 60, 36, 270],
		[178, "H3_15", 70.63, -870.63, "B", "DIP", "GND", "GND", "C", 60, 60, 36, 270],
		[179, "H3_16", 149.37, -870.63, "T", "DIP", "GND", "GND", "C", 60, 60, 36, 270],
		[180, "H3_16", 149.37, -870.63, "B", "DIP", "GND", "GND", "C", 60, 60, 36, 270],
		[181, "H3_17", 70.63, -949.37, "T", "DIP", "C7", "", "C", 60, 60, 36, 270],
		[182, "H3_17", 70.63, -949.37, "B", "DIP", "C7", "", "C", 60, 60, 36, 270],
		[183, "H3_18", 149.37, -949.37, "T", "DIP", "RST", "", "C", 60, 60, 36, 270],
		[184, "H3_18", 149.37, -949.37, "B", "DIP", "RST", "", "C", 60, 60, 36, 270],
		[185, "H3_19", 70.63, -1028.11, "T", "DIP", "C6", "", "C", 60, 60, 36, 270],
		[186, "H3_19", 70.63, -1028.11, "B", "DIP", "C6", "", "C", 60, 60, 36, 270],
		[187, "H3_20", 149.37, -1028.11, "T", "DIP", "CLK", "", "C", 60, 60, 36, 270],
		[188, "H3_20", 149.37, -1028.11, "B", "DIP", "CLK", "", "C", 60, 60, 36, 270],
		[189, "H3_21", 70.63, -1106.85, "T", "DIP", "C5", "", "C", 60, 60, 36, 270],
		[190, "H3_21", 70.63, -1106.85, "B", "DIP", "C5", "", "C", 60, 60, 36, 270],
		[191, "H3_22", 149.37, -1106.85, "T", "DIP", "CLK#", "", "C", 60, 60, 36, 270],
		[192, "H3_22", 149.37, -1106.85, "B", "DIP", "CLK#", "", "C", 60, 60, 36, 270],
		[193, "H3_23", 70.63, -1185.59, "T", "DIP", "C4", "", "C", 60, 60, 36, 270],
		[194, "H3_23", 70.63, -1185.59, "B", "DIP", "C4", "", "C", 60, 60, 36, 270],
		[195, "H3_24", 149.37, -1185.59, "T", "DIP", "HLT", "", "C", 60, 60, 36, 270],
		[196, "H3_24", 149.37, -1185.59, "B", "DIP", "HLT", "", "C", 60, 60, 36, 270],
		[197, "H3_25", 70.63, -1264.33, "T", "DIP", "C3", "", "C", 60, 60, 36, 270],
		[198, "H3_25", 70.63, -1264.33, "B", "DIP", "C3", "", "C", 60, 60, 36, 270],
		[199, "H3_26", 149.37, -1264.33, "T", "DIP", "H3_26", "", "C", 60, 60, 36, 270],
		[200, "H3_26", 149.37, -1264.33, "B", "DIP", "H3_26", "", "C", 60, 60, 36, 270],
		[201, "H3_27", 70.63, -1343.07, "T", "DIP", "C2", "", "C", 60, 60, 36, 270],
		[202, "H3_27", 70.63, -1343.07, "B", "DIP", "C2", "", "C", 60, 60, 36, 270],
		[203, "H3_28", 149.37, -1343.07, "T", "DIP", "H3_28", "", "C", 60, 60, 36, 270],
		[204, "H3_28", 149.37, -1343.07, "B", "DIP", "H3_28", "", "C", 60, 60, 36, 270],
		[205, "H3_29", 70.63, -1421.81, "T", "DIP", "C1", "", "C", 60, 60, 36, 270],
		[206, "H3_29", 70.63, -1421.81, "B", "DIP", "C1", "", "C", 60, 60, 36, 270],
		[207, "H3_30", 149.37, -1421.81, "T", "DIP", "+3.3V", "", "C", 60, 60, 36, 270],
		[208, "H3_30", 149.37, -1421.81, "B", "DIP", "+3.3V", "", "C", 60, 60, 36, 270],
		[209, "H3_31", 70.63, -1500.55, "T", "DIP", "C0", "", "C", 60, 60, 36, 270],
		[210, "H3_31", 70.63, -1500.55, "B", "DIP", "C0", "", "C", 60, 60, 36, 270],
		[211, "H3_32", 149.37, -1500.55, "T", "DIP", "+3.3V", "", "C", 60, 60, 36, 270],
		[212, "H3_32", 149.37, -1500.55, "B", "DIP", "+3.3V", "", "C", 60, 60, 36, 270],
		[213, "H4_1", 3869.37, -2820.55, "T", "DIP", "D0", "", "R", 60, 60, 36, 90],
		[214, "H4_1", 3869.37, -2820.55, "B", "DIP", "D0", "", "R", 60, 60, 36, 90],
		[215, "H4_2", 3790.63, -2820.55, "T", "DIP", "A0", "", "C", 60, 60, 36, 90],
		[216, "H4_2", 3790.63, -2820.55, "B", "DIP", "A0", "", "C", 60, 60, 36, 90],
		[217, "H4_3", 3869.37, -2741.81, "T", "DIP", "D1", "", "C", 60, 60, 36, 90],
		[218, "H4_3", 3869.37, -2741.81, "B", "DIP", "D1", "", "C", 60, 60, 36, 90],
		[219, "H4_4", 3790.63, -2741.81, "T", "DIP", "A1", "", "C", 60, 60, 36, 90],
		[220, "H4_4", 3790.63, -2741.81, "B", "DIP", "A1", "", "C", 60, 60, 36, 90],
		[221, "H4_5", 3869.37, -2663.07, "T", "DIP", "D2", "", "C", 60, 60, 36, 90],
		[222, "H4_5", 3869.37, -2663.07, "B", "DIP", "D2", "", "C", 60, 60, 36, 90],
		[223, "H4_6", 3790.63, -2663.07, "T", "DIP", "A2", "", "C", 60, 60, 36, 90],
		[224, "H4_6", 3790.63, -2663.07, "B", "DIP", "A2", "", "C", 60, 60, 36, 90],
		[225, "H4_7", 3869.37, -2584.33, "T", "DIP", "D3", "", "C", 60, 60, 36, 90],
		[226, "H4_7", 3869.37, -2584.33, "B", "DIP", "D3", "", "C", 60, 60, 36, 90],
		[227, "H4_8", 3790.63, -2584.33, "T", "DIP", "A3", "", "C", 60, 60, 36, 90],
		[228, "H4_8", 3790.63, -2584.33, "B", "DIP", "A3", "", "C", 60, 60, 36, 90],
		[229, "H4_9", 3869.37, -2505.59, "T", "DIP", "D4", "", "C", 60, 60, 36, 90],
		[230, "H4_9", 3869.37, -2505.59, "B", "DIP", "D4", "", "C", 60, 60, 36, 90],
		[231, "H4_10", 3790.63, -2505.59, "T", "DIP", "A4", "", "C", 60, 60, 36, 90],
		[232, "H4_10", 3790.63, -2505.59, "B", "DIP", "A4", "", "C", 60, 60, 36, 90],
		[233, "H4_11", 3869.37, -2426.85, "T", "DIP", "D5", "", "C", 60, 60, 36, 90],
		[234, "H4_11", 3869.37, -2426.85, "B", "DIP", "D5", "", "C", 60, 60, 36, 90],
		[235, "H4_12", 3790.63, -2426.85, "T", "DIP", "A5", "", "C", 60, 60, 36, 90],
		[236, "H4_12", 3790.63, -2426.85, "B", "DIP", "A5", "", "C", 60, 60, 36, 90],
		[237, "H4_13", 3869.37, -2348.11, "T", "DIP", "D6", "", "C", 60, 60, 36, 90],
		[238, "H4_13", 3869.37, -2348.11, "B", "DIP", "D6", "", "C", 60, 60, 36, 90],
		[239, "H4_14", 3790.63, -2348.11, "T", "DIP", "A6", "", "C", 60, 60, 36, 90],
		[240, "H4_14", 3790.63, -2348.11, "B", "DIP", "A6", "", "C", 60, 60, 36, 90],
		[241, "H4_15", 3869.37, -2269.37, "T", "DIP", "D7", "", "C", 60, 60, 36, 90],
		[242, "H4_15", 3869.37, -2269.37, "B", "DIP", "D7", "", "C", 60, 60, 36, 90],
		[243, "H4_16", 3790.63, -2269.37, "T", "DIP", "A7", "", "C", 60, 60, 36, 90],
		[244, "H4_16", 3790.63, -2269.37, "B", "DIP", "A7", "", "C", 60, 60, 36, 90],
		[245, "H4_17", 3869.37, -2190.63, "T", "DIP", "D8", "", "C", 60, 60, 36, 90],
		[246, "H4_17", 3869.37, -2190.63, "B", "DIP", "D8", "", "C", 60, 60, 36, 90],
		[247, "H4_18", 3790.63, -2190.63, "T", "DIP", "A8", "", "C", 60, 60, 36, 90],
		[248, "H4_18", 3790.63, -2190.63, "B", "DIP", "A8", "", "C", 60, 60, 36, 90],
		[249, "H4_19", 3869.37, -2111.89, "T", "DIP", "D9", "", "C", 60, 60, 36, 90],
		[250, "H4_19", 3869.37, -2111.89, "B", "DIP", "D9", "", "C", 60, 60, 36, 90],
		[251, "H4_20", 3790.63, -2111.89, "T", "DIP", "A9", "", "C", 60, 60, 36, 90],
		[252, "H4_20", 3790.63, -2111.89, "B", "DIP", "A9", "", "C", 60, 60, 36, 90],
		[253, "H4_21", 3869.37, -2033.15, "T", "DIP", "D10", "", "C", 60, 60, 36, 90],
		[254, "H4_21", 3869.37, -2033.15, "B", "DIP", "D10", "", "C", 60, 60, 36, 90],
		[255, "H4_22", 3790.63, -2033.15, "T", "DIP", "A10", "", "C", 60, 60, 36, 90],
		[256, "H4_22", 3790.63, -2033.15, "B", "DIP", "A10", "", "C", 60, 60, 36, 90],
		[257, "H4_23", 3869.37, -1954.41, "T", "DIP", "D11", "", "C", 60, 60, 36, 90],
		[258, "H4_23", 3869.37, -1954.41, "B", "DIP", "D11", "", "C", 60, 60, 36, 90],
		[259, "H4_24", 3790.63, -1954.41, "T", "DIP", "A11", "", "C", 60, 60, 36, 90],
		[260, "H4_24", 3790.63, -1954.41, "B", "DIP", "A11", "", "C", 60, 60, 36, 90],
		[261, "H4_25", 3869.37, -1875.67, "T", "DIP", "D12", "", "C", 60, 60, 36, 90],
		[262, "H4_25", 3869.37, -1875.67, "B", "DIP", "D12", "", "C", 60, 60, 36, 90],
		[263, "H4_26", 3790.63, -1875.67, "T", "DIP", "A12", "", "C", 60, 60, 36, 90],
		[264, "H4_26", 3790.63, -1875.67, "B", "DIP", "A12", "", "C", 60, 60, 36, 90],
		[265, "H4_27", 3869.37, -1796.93, "T", "DIP", "D13", "", "C", 60, 60, 36, 90],
		[266, "H4_27", 3869.37, -1796.93, "B", "DIP", "D13", "", "C", 60, 60, 36, 90],
		[267, "H4_28", 3790.63, -1796.93, "T", "DIP", "A13", "", "C", 60, 60, 36, 90],
		[268, "H4_28", 3790.63, -1796.93, "B", "DIP", "A13", "", "C", 60, 60, 36, 90],
		[269, "H4_29", 3869.37, -1718.19, "T", "DIP", "D14", "", "C", 60, 60, 36, 90],
		[270, "H4_29", 3869.37, -1718.19, "B", "DIP", "D14", "", "C", 60, 60, 36, 90],
		[271, "H4_30", 3790.63, -1718.19, "T", "DIP", "A14", "", "C", 60, 60, 36, 90],
		[272, "H4_30", 3790.63, -1718.19, "B", "DIP", "A14", "", "C", 60, 60, 36, 90],
		[273, "H4_31", 3869.37, -1639.45, "T", "DIP", "D15", "", "C", 60, 60, 36, 90],
		[274, "H4_31", 3869.37, -1639.45, "B", "DIP", "D15", "", "C", 60, 60, 36, 90],
		[275, "H4_32", 3790.63, -1639.45, "T", "DIP", "A15", "", "C", 60, 60, 36, 90],
		[276, "H4_32", 3790.63, -1639.45, "B", "DIP", "A15", "", "C", 60, 60, 36, 90],
		[277, "U1_1", 79.45, -3829.37, "T", "DIP", "GND", "GND", "R", 51.18, 51.18, 31.5, 0],
		[278, "U1_1", 79.45, -3829.37, "B", "DIP", "GND", "GND", "R", 51.18, 51.18, 31.5, 0],
		[279, "U1_2", 79.45, -3750.63, "T", "DIP", "GND", "GND", "C", 51.18, 51.18, 31.5, 0],
		[280, "U1_2", 79.45, -3750.63, "B", "DIP", "GND", "GND", "C", 51.18, 51.18, 31.5, 0],
		[281, "U1_3", 158.19, -3829.37, "T", "DIP", "GND", "GND", "C", 51.18, 51.18, 31.5, 0],
		[282, "U1_3", 158.19, -3829.37, "B", "DIP", "GND", "GND", "C", 51.18, 51.18, 31.5, 0],
		[283, "U1_4", 158.19, -3750.63, "T", "DIP", "GND", "GND", "C", 51.18, 51.18, 31.5, 0],
		[284, "U1_4", 158.19, -3750.63, "B", "DIP", "GND", "GND", "C", 51.18, 51.18, 31.5, 0],
		[285, "U1_5", 236.93, -3829.37, "T", "DIP", "+5V", "", "C", 51.18, 51.18, 31.5, 0],
		[286, "U1_5", 236.93, -3829.37, "B", "DIP", "+5V", "", "C", 51.18, 51.18, 31.5, 0],
		[287, "U1_6", 236.93, -3750.63, "T", "DIP", "+5V", "", "C", 51.18, 51.18, 31.5, 0],
		[288, "U1_6", 236.93, -3750.63, "B", "DIP", "+5V", "", "C", 51.18, 51.18, 31.5, 0],
		[289, "U1_7", 315.67, -3829.37, "T", "DIP", "+5V", "", "C", 51.18, 51.18, 31.5, 0],
		[290, "U1_7", 315.67, -3829.37, "B", "DIP", "+5V", "", "C", 51.18, 51.18, 31.5, 0],
		[291, "U1_8", 315.67, -3750.63, "T", "DIP", "+5V", "", "C", 51.18, 51.18, 31.5, 0],
		[292, "U1_8", 315.67, -3750.63, "B", "DIP", "+5V", "", "C", 51.18, 51.18, 31.5, 0],
		[293, "U1_9", 394.41, -3829.37, "T", "DIP", "+5V", "", "C", 51.18, 51.18, 31.5, 0],
		[294, "U1_9", 394.41, -3829.37, "B", "DIP", "+5V", "", "C", 51.18, 51.18, 31.5, 0],
		[295, "U1_10", 394.41, -3750.63, "T", "DIP", "+5V", "", "C", 51.18, 51.18, 31.5, 0],
		[296, "U1_10", 394.41, -3750.63, "B", "DIP", "+5V", "", "C", 51.18, 51.18, 31.5, 0],
		[297, "U1_11", 473.15, -3829.37, "T", "DIP", "+5V", "", "C", 51.18, 51.18, 31.5, 0],
		[298, "U1_11", 473.15, -3829.37, "B", "DIP", "+5V", "", "C", 51.18, 51.18, 31.5, 0],
		[299, "U1_12", 473.15, -3750.63, "T", "DIP", "+5V", "", "C", 51.18, 51.18, 31.5, 0],
		[300, "U1_12", 473.15, -3750.63, "B", "DIP", "+5V", "", "C", 51.18, 51.18, 31.5, 0],
		[301, "U1_13", 551.89, -3829.37, "T", "DIP", "GND", "GND", "C", 51.18, 51.18, 31.5, 0],
		[302, "U1_13", 551.89, -3829.37, "B", "DIP", "GND", "GND", "C", 51.18, 51.18, 31.5, 0],
		[303, "U1_14", 551.89, -3750.63, "T", "DIP", "GND", "GND", "C", 51.18, 51.18, 31.5, 0],
		[304, "U1_14", 551.89, -3750.63, "B", "DIP", "GND", "GND", "C", 51.18, 51.18, 31.5, 0],
		[305, "U1_15", 630.63, -3829.37, "T", "DIP", "GND", "GND", "C", 51.18, 51.18, 31.5, 0],
		[306, "U1_15", 630.63, -3829.37, "B", "DIP", "GND", "GND", "C", 51.18, 51.18, 31.5, 0],
		[307, "U1_16", 630.63, -3750.63, "T", "DIP", "GND", "GND", "C", 51.18, 51.18, 31.5, 0],
		[308, "U1_16", 630.63, -3750.63, "B", "DIP", "GND", "GND", "C", 51.18, 51.18, 31.5, 0],
		[309, "U1_17", 709.37, -3829.37, "T", "DIP", "C7", "", "C", 51.18, 51.18, 31.5, 0],
		[310, "U1_17", 709.37, -3829.37, "B", "DIP", "C7", "", "C", 51.18, 51.18, 31.5, 0],
		[311, "U1_18", 709.37, -3750.63, "T", "DIP", "RST", "", "C", 51.18, 51.18, 31.5, 0],
		[312, "U1_18", 709.37, -3750.63, "B", "DIP", "RST", "", "C", 51.18, 51.18, 31.5, 0],
		[313, "U1_19", 788.11, -3829.37, "T", "DIP", "C6", "", "C", 51.18, 51.18, 31.5, 0],
		[314, "U1_19", 788.11, -3829.37, "B", "DIP", "C6", "", "C", 51.18, 51.18, 31.5, 0],
		[315, "U1_20", 788.11, -3750.63, "T", "DIP", "CLK", "", "C", 51.18, 51.18, 31.5, 0],
		[316, "U1_20", 788.11, -3750.63, "B", "DIP", "CLK", "", "C", 51.18, 51.18, 31.5, 0],
		[317, "U1_21", 866.85, -3829.37, "T", "DIP", "C5", "", "C", 51.18, 51.18, 31.5, 0],
		[318, "U1_21", 866.85, -3829.37, "B", "DIP", "C5", "", "C", 51.18, 51.18, 31.5, 0],
		[319, "U1_22", 866.85, -3750.63, "T", "DIP", "CLK#", "", "C", 51.18, 51.18, 31.5, 0],
		[320, "U1_22", 866.85, -3750.63, "B", "DIP", "CLK#", "", "C", 51.18, 51.18, 31.5, 0],
		[321, "U1_23", 945.59, -3829.37, "T", "DIP", "C4", "", "C", 51.18, 51.18, 31.5, 0],
		[322, "U1_23", 945.59, -3829.37, "B", "DIP", "C4", "", "C", 51.18, 51.18, 31.5, 0],
		[323, "U1_24", 945.59, -3750.63, "T", "DIP", "HLT", "", "C", 51.18, 51.18, 31.5, 0],
		[324, "U1_24", 945.59, -3750.63, "B", "DIP", "HLT", "", "C", 51.18, 51.18, 31.5, 0],
		[325, "U1_25", 1024.33, -3829.37, "T", "DIP", "C3", "", "C", 51.18, 51.18, 31.5, 0],
		[326, "U1_25", 1024.33, -3829.37, "B", "DIP", "C3", "", "C", 51.18, 51.18, 31.5, 0],
		[327, "U1_26", 1024.33, -3750.63, "T", "DIP", "U1_26", "", "C", 51.18, 51.18, 31.5, 0],
		[328, "U1_26", 1024.33, -3750.63, "B", "DIP", "U1_26", "", "C", 51.18, 51.18, 31.5, 0],
		[329, "U1_27", 1103.07, -3829.37, "T", "DIP", "C2", "", "C", 51.18, 51.18, 31.5, 0],
		[330, "U1_27", 1103.07, -3829.37, "B", "DIP", "C2", "", "C", 51.18, 51.18, 31.5, 0],
		[331, "U1_28", 1103.07, -3750.63, "T", "DIP", "U1_28", "", "C", 51.18, 51.18, 31.5, 0],
		[332, "U1_28", 1103.07, -3750.63, "B", "DIP", "U1_28", "", "C", 51.18, 51.18, 31.5, 0],
		[333, "U1_29", 1181.81, -3829.37, "T", "DIP", "C1", "", "C", 51.18, 51.18, 31.5, 0],
		[334, "U1_29", 1181.81, -3829.37, "B", "DIP", "C1", "", "C", 51.18, 51.18, 31.5, 0],
		[335, "U1_30", 1181.81, -3750.63, "T", "DIP", "+3.3V", "", "C", 51.18, 51.18, 31.5, 0],
		[336, "U1_30", 1181.81, -3750.63, "B", "DIP", "+3.3V", "", "C", 51.18, 51.18, 31.5, 0],
		[337, "U1_31", 1260.55, -3829.37, "T", "DIP", "C0", "", "C", 51.18, 51.18, 31.5, 0],
		[338, "U1_31", 1260.55, -3829.37, "B", "DIP", "C0", "", "C", 51.18, 51.18, 31.5, 0],
		[339, "U1_32", 1260.55, -3750.63, "T", "DIP", "+3.3V", "", "C", 51.18, 51.18, 31.5, 0],
		[340, "U1_32", 1260.55, -3750.63, "B", "DIP", "+3.3V", "", "C", 51.18, 51.18, 31.5, 0],
		[341, "U2_1", 1414.45, -3829.37, "T", "DIP", "D15", "", "R", 51.18, 51.18, 31.5, 0],
		[342, "U2_1", 1414.45, -3829.37, "B", "DIP", "D15", "", "R", 51.18, 51.18, 31.5, 0],
		[343, "U2_2", 1414.45, -3750.63, "T", "DIP", "A15", "", "C", 51.18, 51.18, 31.5, 0],
		[344, "U2_2", 1414.45, -3750.63, "B", "DIP", "A15", "", "C", 51.18, 51.18, 31.5, 0],
		[345, "U2_3", 1493.19, -3829.37, "T", "DIP", "D14", "", "C", 51.18, 51.18, 31.5, 0],
		[346, "U2_3", 1493.19, -3829.37, "B", "DIP", "D14", "", "C", 51.18, 51.18, 31.5, 0],
		[347, "U2_4", 1493.19, -3750.63, "T", "DIP", "A14", "", "C", 51.18, 51.18, 31.5, 0],
		[348, "U2_4", 1493.19, -3750.63, "B", "DIP", "A14", "", "C", 51.18, 51.18, 31.5, 0],
		[349, "U2_5", 1571.93, -3829.37, "T", "DIP", "D13", "", "C", 51.18, 51.18, 31.5, 0],
		[350, "U2_5", 1571.93, -3829.37, "B", "DIP", "D13", "", "C", 51.18, 51.18, 31.5, 0],
		[351, "U2_6", 1571.93, -3750.63, "T", "DIP", "A13", "", "C", 51.18, 51.18, 31.5, 0],
		[352, "U2_6", 1571.93, -3750.63, "B", "DIP", "A13", "", "C", 51.18, 51.18, 31.5, 0],
		[353, "U2_7", 1650.67, -3829.37, "T", "DIP", "D12", "", "C", 51.18, 51.18, 31.5, 0],
		[354, "U2_7", 1650.67, -3829.37, "B", "DIP", "D12", "", "C", 51.18, 51.18, 31.5, 0],
		[355, "U2_8", 1650.67, -3750.63, "T", "DIP", "A12", "", "C", 51.18, 51.18, 31.5, 0],
		[356, "U2_8", 1650.67, -3750.63, "B", "DIP", "A12", "", "C", 51.18, 51.18, 31.5, 0],
		[357, "U2_9", 1729.41, -3829.37, "T", "DIP", "D11", "", "C", 51.18, 51.18, 31.5, 0],
		[358, "U2_9", 1729.41, -3829.37, "B", "DIP", "D11", "", "C", 51.18, 51.18, 31.5, 0],
		[359, "U2_10", 1729.41, -3750.63, "T", "DIP", "A11", "", "C", 51.18, 51.18, 31.5, 0],
		[360, "U2_10", 1729.41, -3750.63, "B", "DIP", "A11", "", "C", 51.18, 51.18, 31.5, 0],
		[361, "U2_11", 1808.15, -3829.37, "T", "DIP", "D10", "", "C", 51.18, 51.18, 31.5, 0],
		[362, "U2_11", 1808.15, -3829.37, "B", "DIP", "D10", "", "C", 51.18, 51.18, 31.5, 0],
		[363, "U2_12", 1808.15, -3750.63, "T", "DIP", "A10", "", "C", 51.18, 51.18, 31.5, 0],
		[364, "U2_12", 1808.15, -3750.63, "B", "DIP", "A10", "", "C", 51.18, 51.18, 31.5, 0],
		[365, "U2_13", 1886.89, -3829.37, "T", "DIP", "D9", "", "C", 51.18, 51.18, 31.5, 0],
		[366, "U2_13", 1886.89, -3829.37, "B", "DIP", "D9", "", "C", 51.18, 51.18, 31.5, 0],
		[367, "U2_14", 1886.89, -3750.63, "T", "DIP", "A9", "", "C", 51.18, 51.18, 31.5, 0],
		[368, "U2_14", 1886.89, -3750.63, "B", "DIP", "A9", "", "C", 51.18, 51.18, 31.5, 0],
		[369, "U2_15", 1965.63, -3829.37, "T", "DIP", "D8", "", "C", 51.18, 51.18, 31.5, 0],
		[370, "U2_15", 1965.63, -3829.37, "B", "DIP", "D8", "", "C", 51.18, 51.18, 31.5, 0],
		[371, "U2_16", 1965.63, -3750.63, "T", "DIP", "A8", "", "C", 51.18, 51.18, 31.5, 0],
		[372, "U2_16", 1965.63, -3750.63, "B", "DIP", "A8", "", "C", 51.18, 51.18, 31.5, 0],
		[373, "U2_17", 2044.37, -3829.37, "T", "DIP", "D7", "", "C", 51.18, 51.18, 31.5, 0],
		[374, "U2_17", 2044.37, -3829.37, "B", "DIP", "D7", "", "C", 51.18, 51.18, 31.5, 0],
		[375, "U2_18", 2044.37, -3750.63, "T", "DIP", "A7", "", "C", 51.18, 51.18, 31.5, 0],
		[376, "U2_18", 2044.37, -3750.63, "B", "DIP", "A7", "", "C", 51.18, 51.18, 31.5, 0],
		[377, "U2_19", 2123.11, -3829.37, "T", "DIP", "D6", "", "C", 51.18, 51.18, 31.5, 0],
		[378, "U2_19", 2123.11, -3829.37, "B", "DIP", "D6", "", "C", 51.18, 51.18, 31.5, 0],
		[379, "U2_20", 2123.11, -3750.63, "T", "DIP", "A6", "", "C", 51.18, 51.18, 31.5, 0],
		[380, "U2_20", 2123.11, -3750.63, "B", "DIP", "A6", "", "C", 51.18, 51.18, 31.5, 0],
		[381, "U2_21", 2201.85, -3829.37, "T", "DIP", "D5", "", "C", 51.18, 51.18, 31.5, 0],
		[382, "U2_21", 2201.85, -3829.37, "B", "DIP", "D5", "", "C", 51.18, 51.18, 31.5, 0],
		[383, "U2_22", 2201.85, -3750.63, "T", "DIP", "A5", "", "C", 51.18, 51.18, 31.5, 0],
		[384, "U2_22", 2201.85, -3750.63, "B", "DIP", "A5", "", "C", 51.18, 51.18, 31.5, 0],
		[385, "U2_23", 2280.59, -3829.37, "T", "DIP", "D4", "", "C", 51.18, 51.18, 31.5, 0],
		[386, "U2_23", 2280.59, -3829.37, "B", "DIP", "D4", "", "C", 51.18, 51.18, 31.5, 0],
		[387, "U2_24", 2280.59, -3750.63, "T", "DIP", "A4", "", "C", 51.18, 51.18, 31.5, 0],
		[388, "U2_24", 2280.59, -3750.63, "B", "DIP", "A4", "", "C", 51.18, 51.18, 31.5, 0],
		[389, "U2_25", 2359.33, -3829.37, "T", "DIP", "D3", "", "C", 51.18, 51.18, 31.5, 0],
		[390, "U2_25", 2359.33, -3829.37, "B", "DIP", "D3", "", "C", 51.18, 51.18, 31.5, 0],
		[391, "U2_26", 2359.33, -3750.63, "T", "DIP", "A3", "", "C", 51.18, 51.18, 31.5, 0],
		[392, "U2_26", 2359.33, -3750.63, "B", "DIP", "A3", "", "C", 51.18, 51.18, 31.5, 0],
		[393, "U2_27", 2438.07, -3829.37, "T", "DIP", "D2", "", "C", 51.18, 51.18, 31.5, 0],
		[394, "U2_27", 2438.07, -3829.37, "B", "DIP", "D2", "", "C", 51.18, 51.18, 31.5, 0],
		[395, "U2_28", 2438.07, -3750.63, "T", "DIP", "A2", "", "C", 51.18, 51.18, 31.5, 0],
		[396, "U2_28", 2438.07, -3750.63, "B", "DIP", "A2", "", "C", 51.18, 51.18, 31.5, 0],
		[397, "U2_29", 2516.81, -3829.37, "T", "DIP", "D1", "", "C", 51.18, 51.18, 31.5, 0],
		[398, "U2_29", 2516.81, -3829.37, "B", "DIP", "D1", "", "C", 51.18, 51.18, 31.5, 0],
		[399, "U2_30", 2516.81, -3750.63, "T", "DIP", "A1", "", "C", 51.18, 51.18, 31.5, 0],
		[400, "U2_30", 2516.81, -3750.63, "B", "DIP", "A1", "", "C", 51.18, 51.18, 31.5, 0],
		[401, "U2_31", 2595.55, -3829.37, "T", "DIP", "D0", "", "C", 51.18, 51.18, 31.5, 0],
		[402, "U2_31", 2595.55, -3829.37, "B", "DIP", "D0", "", "C", 51.18, 51.18, 31.5, 0],
		[403, "U2_32", 2595.55, -3750.63, "T", "DIP", "A0", "", "C", 51.18, 51.18, 31.5, 0],
		[404, "U2_32", 2595.55, -3750.63, "B", "DIP", "A0", "", "C", 51.18, 51.18, 31.5, 0],
		[405, "U3_1", 90.63, -1639.45, "T", "DIP", "D15", "", "R", 51.18, 51.18, 31.5, 270],
		[406, "U3_1", 90.63, -1639.45, "B", "DIP", "D15", "", "R", 51.18, 51.18, 31.5, 270],
		[407, "U3_2", 169.37, -1639.45, "T", "DIP", "A15", "", "C", 51.18, 51.18, 31.5, 270],
		[408, "U3_2", 169.37, -1639.45, "B", "DIP", "A15", "", "C", 51.18, 51.18, 31.5, 270],
		[409, "U3_3", 90.63, -1718.19, "T", "DIP", "D14", "", "C", 51.18, 51.18, 31.5, 270],
		[410, "U3_3", 90.63, -1718.19, "B", "DIP", "D14", "", "C", 51.18, 51.18, 31.5, 270],
		[411, "U3_4", 169.37, -1718.19, "T", "DIP", "A14", "", "C", 51.18, 51.18, 31.5, 270],
		[412, "U3_4", 169.37, -1718.19, "B", "DIP", "A14", "", "C", 51.18, 51.18, 31.5, 270],
		[413, "U3_5", 90.63, -1796.93, "T", "DIP", "D13", "", "C", 51.18, 51.18, 31.5, 270],
		[414, "U3_5", 90.63, -1796.93, "B", "DIP", "D13", "", "C", 51.18, 51.18, 31.5, 270],
		[415, "U3_6", 169.37, -1796.93, "T", "DIP", "A13", "", "C", 51.18, 51.18, 31.5, 270],
		[416, "U3_6", 169.37, -1796.93, "B", "DIP", "A13", "", "C", 51.18, 51.18, 31.5, 270],
		[417, "U3_7", 90.63, -1875.67, "T", "DIP", "D12", "", "C", 51.18, 51.18, 31.5, 270],
		[418, "U3_7", 90.63, -1875.67, "B", "DIP", "D12", "", "C", 51.18, 51.18, 31.5, 270],
		[419, "U3_8", 169.37, -1875.67, "T", "DIP", "A12", "", "C", 51.18, 51.18, 31.5, 270],
		[420, "U3_8", 169.37, -1875.67, "B", "DIP", "A12", "", "C", 51.18, 51.18, 31.5, 270],
		[421, "U3_9", 90.63, -1954.41, "T", "DIP", "D11", "", "C", 51.18, 51.18, 31.5, 270],
		[422, "U3_9", 90.63, -1954.41, "B", "DIP", "D11", "", "C", 51.18, 51.18, 31.5, 270],
		[423, "U3_10", 169.37, -1954.41, "T", "DIP", "A11", "", "C", 51.18, 51.18, 31.5, 270],
		[424, "U3_10", 169.37, -1954.41, "B", "DIP", "A11", "", "C", 51.18, 51.18, 31.5, 270],
		[425, "U3_11", 90.63, -2033.15, "T", "DIP", "D10", "", "C", 51.18, 51.18, 31.5, 270],
		[426, "U3_11", 90.63, -2033.15, "B", "DIP", "D10", "", "C", 51.18, 51.18, 31.5, 270],
		[427, "U3_12", 169.37, -2033.15, "T", "DIP", "A10", "", "C", 51.18, 51.18, 31.5, 270],
		[428, "U3_12", 169.37, -2033.15, "B", "DIP", "A10", "", "C", 51.18, 51.18, 31.5, 270],
		[429, "U3_13", 90.63, -2111.89, "T", "DIP", "D9", "", "C", 51.18, 51.18, 31.5, 270],
		[430, "U3_13", 90.63, -2111.89, "B", "DIP", "D9", "", "C", 51.18, 51.18, 31.5, 270],
		[431, "U3_14", 169.37, -2111.89, "T", "DIP", "A9", "", "C", 51.18, 51.18, 31.5, 270],
		[432, "U3_14", 169.37, -2111.89, "B", "DIP", "A9", "", "C", 51.18, 51.18, 31.5, 270],
		[433, "U3_15", 90.63, -2190.63, "T", "DIP", "D8", "", "C", 51.18, 51.18, 31.5, 270],
		[434, "U3_15", 90.63, -2190.63, "B", "DIP", "D8", "", "C", 51.18, 51.18, 31.5, 270],
		[435, "U3_16", 169.37, -2190.63, "T", "DIP", "A8", "", "C", 51.18, 51.18, 31.5, 270],
		[436, "U3_16", 169.37, -2190.63, "B", "DIP", "A8", "", "C", 51.18, 51.18, 31.5, 270],
		[437, "U3_17", 90.63, -2269.37, "T", "DIP", "D7", "", "C", 51.18, 51.18, 31.5, 270],
		[438, "U3_17", 90.63, -2269.37, "B", "DIP", "D7", "", "C", 51.18, 51.18, 31.5, 270],
		[439, "U3_18", 169.37, -2269.37, "T", "DIP", "A7", "", "C", 51.18, 51.18, 31.5, 270],
		[440, "U3_18", 169.37, -2269.37, "B", "DIP", "A7", "", "C", 51.18, 51.18, 31.5, 270],
		[441, "U3_19", 90.63, -2348.11, "T", "DIP", "D6", "", "C", 51.18, 51.18, 31.5, 270],
		[442, "U3_19", 90.63, -2348.11, "B", "DIP", "D6", "", "C", 51.18, 51.18, 31.5, 270],
		[443, "U3_20", 169.37, -2348.11, "T", "DIP", "A6", "", "C", 51.18, 51.18, 31.5, 270],
		[444, "U3_20", 169.37, -2348.11, "B", "DIP", "A6", "", "C", 51.18, 51.18, 31.5, 270],
		[445, "U3_21", 90.63, -2426.85, "T", "DIP", "D5", "", "C", 51.18, 51.18, 31.5, 270],
		[446, "U3_21", 90.63, -2426.85, "B", "DIP", "D5", "", "C", 51.18, 51.18, 31.5, 270],
		[447, "U3_22", 169.37, -2426.85, "T", "DIP", "A5", "", "C", 51.18, 51.18, 31.5, 270],
		[448, "U3_22", 169.37, -2426.85, "B", "DIP", "A5", "", "C", 51.18, 51.18, 31.5, 270],
		[449, "U3_23", 90.63, -2505.59, "T", "DIP", "D4", "", "C", 51.18, 51.18, 31.5, 270],
		[450, "U3_23", 90.63, -2505.59, "B", "DIP", "D4", "", "C", 51.18, 51.18, 31.5, 270],
		[451, "U3_24", 169.37, -2505.59, "T", "DIP", "A4", "", "C", 51.18, 51.18, 31.5, 270],
		[452, "U3_24", 169.37, -2505.59, "B", "DIP", "A4", "", "C", 51.18, 51.18, 31.5, 270],
		[453, "U3_25", 90.63, -2584.33, "T", "DIP", "D3", "", "C", 51.18, 51.18, 31.5, 270],
		[454, "U3_25", 90.63, -2584.33, "B", "DIP", "D3", "", "C", 51.18, 51.18, 31.5, 270],
		[455, "U3_26", 169.37, -2584.33, "T", "DIP", "A3", "", "C", 51.18, 51.18, 31.5, 270],
		[456, "U3_26", 169.37, -2584.33, "B", "DIP", "A3", "", "C", 51.18, 51.18, 31.5, 270],
		[457, "U3_27", 90.63, -2663.07, "T", "DIP", "D2", "", "C", 51.18, 51.18, 31.5, 270],
		[458, "U3_27", 90.63, -2663.07, "B", "DIP", "D2", "", "C", 51.18, 51.18, 31.5, 270],
		[459, "U3_28", 169.37, -2663.07, "T", "DIP", "A2", "", "C", 51.18, 51.18, 31.5, 270],
		[460, "U3_28", 169.37, -2663.07, "B", "DIP", "A2", "", "C", 51.18, 51.18, 31.5, 270],
		[461, "U3_29", 90.63, -2741.81, "T", "DIP", "D1", "", "C", 51.18, 51.18, 31.5, 270],
		[462, "U3_29", 90.63, -2741.81, "B", "DIP", "D1", "", "C", 51.18, 51.18, 31.5, 270],
		[463, "U3_30", 169.37, -2741.81, "T", "DIP", "A1", "", "C", 51.18, 51.18, 31.5, 270],
		[464, "U3_30", 169.37, -2741.81, "B", "DIP", "A1", "", "C", 51.18, 51.18, 31.5, 270],
		[465, "U3_31", 90.63, -2820.55, "T", "DIP", "D0", "", "C", 51.18, 51.18, 31.5, 270],
		[466, "U3_31", 90.63, -2820.55, "B", "DIP", "D0", "", "C", 51.18, 51.18, 31.5, 270],
		[467, "U3_32", 169.37, -2820.55, "T", "DIP", "A0", "", "C", 51.18, 51.18, 31.5, 270],
		[468, "U3_32", 169.37, -2820.55, "B", "DIP", "A0", "", "C", 51.18, 51.18, 31.5, 270],
		[469, "U4_1", 3849.37, -1500.55, "T", "DIP", "C0", "", "R", 51.18, 51.18, 31.5, 90],
		[470, "U4_1", 3849.37, -1500.55, "B", "DIP", "C0", "", "R", 51.18, 51.18, 31.5, 90],
		[471, "U4_2", 3770.63, -1500.55, "T", "DIP", "+3.3V", "", "C", 51.18, 51.18, 31.5, 90],
		[472, "U4_2", 3770.63, -1500.55, "B", "DIP", "+3.3V", "", "C", 51.18, 51.18, 31.5, 90],
		[473, "U4_3", 3849.37, -1421.81, "T", "DIP", "C1", "", "C", 51.18, 51.18, 31.5, 90],
		[474, "U4_3", 3849.37, -1421.81, "B", "DIP", "C1", "", "C", 51.18, 51.18, 31.5, 90],
		[475, "U4_4", 3770.63, -1421.81, "T", "DIP", "+3.3V", "", "C", 51.18, 51.18, 31.5, 90],
		[476, "U4_4", 3770.63, -1421.81, "B", "DIP", "+3.3V", "", "C", 51.18, 51.18, 31.5, 90],
		[477, "U4_5", 3849.37, -1343.07, "T", "DIP", "C2", "", "C", 51.18, 51.18, 31.5, 90],
		[478, "U4_5", 3849.37, -1343.07, "B", "DIP", "C2", "", "C", 51.18, 51.18, 31.5, 90],
		[479, "U4_6", 3770.63, -1343.07, "T", "DIP", "U4_6", "", "C", 51.18, 51.18, 31.5, 90],
		[480, "U4_6", 3770.63, -1343.07, "B", "DIP", "U4_6", "", "C", 51.18, 51.18, 31.5, 90],
		[481, "U4_7", 3849.37, -1264.33, "T", "DIP", "C3", "", "C", 51.18, 51.18, 31.5, 90],
		[482, "U4_7", 3849.37, -1264.33, "B", "DIP", "C3", "", "C", 51.18, 51.18, 31.5, 90],
		[483, "U4_8", 3770.63, -1264.33, "T", "DIP", "U4_8", "", "C", 51.18, 51.18, 31.5, 90],
		[484, "U4_8", 3770.63, -1264.33, "B", "DIP", "U4_8", "", "C", 51.18, 51.18, 31.5, 90],
		[485, "U4_9", 3849.37, -1185.59, "T", "DIP", "C4", "", "C", 51.18, 51.18, 31.5, 90],
		[486, "U4_9", 3849.37, -1185.59, "B", "DIP", "C4", "", "C", 51.18, 51.18, 31.5, 90],
		[487, "U4_10", 3770.63, -1185.59, "T", "DIP", "HLT", "", "C", 51.18, 51.18, 31.5, 90],
		[488, "U4_10", 3770.63, -1185.59, "B", "DIP", "HLT", "", "C", 51.18, 51.18, 31.5, 90],
		[489, "U4_11", 3849.37, -1106.85, "T", "DIP", "C5", "", "C", 51.18, 51.18, 31.5, 90],
		[490, "U4_11", 3849.37, -1106.85, "B", "DIP", "C5", "", "C", 51.18, 51.18, 31.5, 90],
		[491, "U4_12", 3770.63, -1106.85, "T", "DIP", "CLK#", "", "C", 51.18, 51.18, 31.5, 90],
		[492, "U4_12", 3770.63, -1106.85, "B", "DIP", "CLK#", "", "C", 51.18, 51.18, 31.5, 90],
		[493, "U4_13", 3849.37, -1028.11, "T", "DIP", "C6", "", "C", 51.18, 51.18, 31.5, 90],
		[494, "U4_13", 3849.37, -1028.11, "B", "DIP", "C6", "", "C", 51.18, 51.18, 31.5, 90],
		[495, "U4_14", 3770.63, -1028.11, "T", "DIP", "CLK", "", "C", 51.18, 51.18, 31.5, 90],
		[496, "U4_14", 3770.63, -1028.11, "B", "DIP", "CLK", "", "C", 51.18, 51.18, 31.5, 90],
		[497, "U4_15", 3849.37, -949.37, "T", "DIP", "C7", "", "C", 51.18, 51.18, 31.5, 90],
		[498, "U4_15", 3849.37, -949.37, "B", "DIP", "C7", "", "C", 51.18, 51.18, 31.5, 90],
		[499, "U4_16", 3770.63, -949.37, "T", "DIP", "RST", "", "C", 51.18, 51.18, 31.5, 90],
		[500, "U4_16", 3770.63, -949.37, "B", "DIP", "RST", "", "C", 51.18, 51.18, 31.5, 90],
		[501, "U4_17", 3849.37, -870.63, "T", "DIP", "GND", "GND", "C", 51.18, 51.18, 31.5, 90],
		[502, "U4_17", 3849.37, -870.63, "B", "DIP", "GND", "GND", "C", 51.18, 51.18, 31.5, 90],
		[503, "U4_18", 3770.63, -870.63, "T", "DIP", "GND", "GND", "C", 51.18, 51.18, 31.5, 90],
		[504, "U4_18", 3770.63, -870.63, "B", "DIP", "GND", "GND", "C", 51.18, 51.18, 31.5, 90],
		[505, "U4_19", 3849.37, -791.89, "T", "DIP", "GND", "GND", "C", 51.18, 51.18, 31.5, 90],
		[506, "U4_19", 3849.37, -791.89, "B", "DIP", "GND", "GND", "C", 51.18, 51.18, 31.5, 90],
		[507, "U4_20", 3770.63, -791.89, "T", "DIP", "GND", "GND", "C", 51.18, 51.18, 31.5, 90],
		[508, "U4_20", 3770.63, -791.89, "B", "DIP", "GND", "GND", "C", 51.18, 51.18, 31.5, 90],
		[509, "U4_21", 3849.37, -713.15, "T", "DIP", "+5V", "", "C", 51.18, 51.18, 31.5, 90],
		[510, "U4_21", 3849.37, -713.15, "B", "DIP", "+5V", "", "C", 51.18, 51.18, 31.5, 90],
		[511, "U4_22", 3770.63, -713.15, "T", "DIP", "+5V", "", "C", 51.18, 51.18, 31.5, 90],
		[512, "U4_22", 3770.63, -713.15, "B", "DIP", "+5V", "", "C", 51.18, 51.18, 31.5, 90],
		[513, "U4_23", 3849.37, -634.41, "T", "DIP", "+5V", "", "C", 51.18, 51.18, 31.5, 90],
		[514, "U4_23", 3849.37, -634.41, "B", "DIP", "+5V", "", "C", 51.18, 51.18, 31.5, 90],
		[515, "U4_24", 3770.63, -634.41, "T", "DIP", "+5V", "", "C", 51.18, 51.18, 31.5, 90],
		[516, "U4_24", 3770.63, -634.41, "B", "DIP", "+5V", "", "C", 51.18, 51.18, 31.5, 90],
		[517, "U4_25", 3849.37, -555.67, "T", "DIP", "+5V", "", "C", 51.18, 51.18, 31.5, 90],
		[518, "U4_25", 3849.37, -555.67, "B", "DIP", "+5V", "", "C", 51.18, 51.18, 31.5, 90],
		[519, "U4_26", 3770.63, -555.67, "T", "DIP", "+5V", "", "C", 51.18, 51.18, 31.5, 90],
		[520, "U4_26", 3770.63, -555.67, "B", "DIP", "+5V", "", "C", 51.18, 51.18, 31.5, 90],
		[521, "U4_27", 3849.37, -476.93, "T", "DIP", "+5V", "", "C", 51.18, 51.18, 31.5, 90],
		[522, "U4_27", 3849.37, -476.93, "B", "DIP", "+5V", "", "C", 51.18, 51.18, 31.5, 90],
		[523, "U4_28", 3770.63, -476.93, "T", "DIP", "+5V", "", "C", 51.18, 51.18, 31.5, 90],
		[524, "U4_28", 3770.63, -476.93, "B", "DIP", "+5V", "", "C", 51.18, 51.18, 31.5, 90],
		[525, "U4_29", 3849.37, -398.19, "T", "DIP", "GND", "GND", "C", 51.18, 51.18, 31.5, 90],
		[526, "U4_29", 3849.37, -398.19, "B", "DIP", "GND", "GND", "C", 51.18, 51.18, 31.5, 90],
		[527, "U4_30", 3770.63, -398.19, "T", "DIP", "GND", "GND", "C", 51.18, 51.18, 31.5, 90],
		[528, "U4_30", 3770.63, -398.19, "B", "DIP", "GND", "GND", "C", 51.18, 51.18, 31.5, 90],
		[529, "U4_31", 3849.37, -319.45, "T", "DIP", "GND", "GND", "C", 51.18, 51.18, 31.5, 90],
		[530, "U4_31", 3849.37, -319.45, "B", "DIP", "GND", "GND", "C", 51.18, 51.18, 31.5, 90],
		[531, "U4_32", 3770.63, -319.45, "T", "DIP", "GND", "GND", "C", 51.18, 51.18, 31.5, 90],
		[532, "U4_32", 3770.63, -319.45, "B", "DIP", "GND", "GND", "C", 51.18, 51.18, 31.5, 90],
		[533, "U5_1", 2100, -2350, "T", "DIP", "D15", "", "R", 62.99, 62.99, 39.37, 0],
		[534, "U5_1", 2100, -2350, "B", "DIP", "D15", "", "R", 62.99, 62.99, 39.37, 0],
		[535, "U5_2", 2100, -2250, "T", "DIP", "A15", "", "C", 62.99, 62.99, 39.37, 0],
		[536, "U5_2", 2100, -2250, "B", "DIP", "A15", "", "C", 62.99, 62.99, 39.37, 0],
		[537, "U5_3", 2200, -2350, "T", "DIP", "D14", "", "C", 62.99, 62.99, 39.37, 0],
		[538, "U5_3", 2200, -2350, "B", "DIP", "D14", "", "C", 62.99, 62.99, 39.37, 0],
		[539, "U5_4", 2200, -2250, "T", "DIP", "A14", "", "C", 62.99, 62.99, 39.37, 0],
		[540, "U5_4", 2200, -2250, "B", "DIP", "A14", "", "C", 62.99, 62.99, 39.37, 0],
		[541, "U5_5", 2300, -2350, "T", "DIP", "D13", "", "C", 62.99, 62.99, 39.37, 0],
		[542, "U5_5", 2300, -2350, "B", "DIP", "D13", "", "C", 62.99, 62.99, 39.37, 0],
		[543, "U5_6", 2300, -2250, "T", "DIP", "A13", "", "C", 62.99, 62.99, 39.37, 0],
		[544, "U5_6", 2300, -2250, "B", "DIP", "A13", "", "C", 62.99, 62.99, 39.37, 0],
		[545, "U5_7", 2400, -2350, "T", "DIP", "D12", "", "C", 62.99, 62.99, 39.37, 0],
		[546, "U5_7", 2400, -2350, "B", "DIP", "D12", "", "C", 62.99, 62.99, 39.37, 0],
		[547, "U5_8", 2400, -2250, "T", "DIP", "A12", "", "C", 62.99, 62.99, 39.37, 0],
		[548, "U5_8", 2400, -2250, "B", "DIP", "A12", "", "C", 62.99, 62.99, 39.37, 0],
		[549, "U5_9", 2500, -2350, "T", "DIP", "D11", "", "C", 62.99, 62.99, 39.37, 0],
		[550, "U5_9", 2500, -2350, "B", "DIP", "D11", "", "C", 62.99, 62.99, 39.37, 0],
		[551, "U5_10", 2500, -2250, "T", "DIP", "A11", "", "C", 62.99, 62.99, 39.37, 0],
		[552, "U5_10", 2500, -2250, "B", "DIP", "A11", "", "C", 62.99, 62.99, 39.37, 0],
		[553, "U5_11", 2600, -2350, "T", "DIP", "D10", "", "C", 62.99, 62.99, 39.37, 0],
		[554, "U5_11", 2600, -2350, "B", "DIP", "D10", "", "C", 62.99, 62.99, 39.37, 0],
		[555, "U5_12", 2600, -2250, "T", "DIP", "A10", "", "C", 62.99, 62.99, 39.37, 0],
		[556, "U5_12", 2600, -2250, "B", "DIP", "A10", "", "C", 62.99, 62.99, 39.37, 0],
		[557, "U5_13", 2700, -2350, "T", "DIP", "D9", "", "C", 62.99, 62.99, 39.37, 0],
		[558, "U5_13", 2700, -2350, "B", "DIP", "D9", "", "C", 62.99, 62.99, 39.37, 0],
		[559, "U5_14", 2700, -2250, "T", "DIP", "A9", "", "C", 62.99, 62.99, 39.37, 0],
		[560, "U5_14", 2700, -2250, "B", "DIP", "A9", "", "C", 62.99, 62.99, 39.37, 0],
		[561, "U5_15", 2800, -2350, "T", "DIP", "D8", "", "C", 62.99, 62.99, 39.37, 0],
		[562, "U5_15", 2800, -2350, "B", "DIP", "D8", "", "C", 62.99, 62.99, 39.37, 0],
		[563, "U5_16", 2800, -2250, "T", "DIP", "A8", "", "C", 62.99, 62.99, 39.37, 0],
		[564, "U5_16", 2800, -2250, "B", "DIP", "A8", "", "C", 62.99, 62.99, 39.37, 0],
		[565, "U5_17", 2900, -2350, "T", "DIP", "D7", "", "C", 62.99, 62.99, 39.37, 0],
		[566, "U5_17", 2900, -2350, "B", "DIP", "D7", "", "C", 62.99, 62.99, 39.37, 0],
		[567, "U5_18", 2900, -2250, "T", "DIP", "A7", "", "C", 62.99, 62.99, 39.37, 0],
		[568, "U5_18", 2900, -2250, "B", "DIP", "A7", "", "C", 62.99, 62.99, 39.37, 0],
		[569, "U5_19", 3000, -2350, "T", "DIP", "D6", "", "C", 62.99, 62.99, 39.37, 0],
		[570, "U5_19", 3000, -2350, "B", "DIP", "D6", "", "C", 62.99, 62.99, 39.37, 0],
		[571, "U5_20", 3000, -2250, "T", "DIP", "A6", "", "C", 62.99, 62.99, 39.37, 0],
		[572, "U5_20", 3000, -2250, "B", "DIP", "A6", "", "C", 62.99, 62.99, 39.37, 0],
		[573, "U5_21", 3100, -2350, "T", "DIP", "D5", "", "C", 62.99, 62.99, 39.37, 0],
		[574, "U5_21", 3100, -2350, "B", "DIP", "D5", "", "C", 62.99, 62.99, 39.37, 0],
		[575, "U5_22", 3100, -2250, "T", "DIP", "A5", "", "C", 62.99, 62.99, 39.37, 0],
		[576, "U5_22", 3100, -2250, "B", "DIP", "A5", "", "C", 62.99, 62.99, 39.37, 0],
		[577, "U5_23", 3200, -2350, "T", "DIP", "D4", "", "C", 62.99, 62.99, 39.37, 0],
		[578, "U5_23", 3200, -2350, "B", "DIP", "D4", "", "C", 62.99, 62.99, 39.37, 0],
		[579, "U5_24", 3200, -2250, "T", "DIP", "A4", "", "C", 62.99, 62.99, 39.37, 0],
		[580, "U5_24", 3200, -2250, "B", "DIP", "A4", "", "C", 62.99, 62.99, 39.37, 0],
		[581, "U5_25", 3300, -2350, "T", "DIP", "D3", "", "C", 62.99, 62.99, 39.37, 0],
		[582, "U5_25", 3300, -2350, "B", "DIP", "D3", "", "C", 62.99, 62.99, 39.37, 0],
		[583, "U5_26", 3300, -2250, "T", "DIP", "A3", "", "C", 62.99, 62.99, 39.37, 0],
		[584, "U5_26", 3300, -2250, "B", "DIP", "A3", "", "C", 62.99, 62.99, 39.37, 0],
		[585, "U5_27", 3400, -2350, "T", "DIP", "D2", "", "C", 62.99, 62.99, 39.37, 0],
		[586, "U5_27", 3400, -2350, "B", "DIP", "D2", "", "C", 62.99, 62.99, 39.37, 0],
		[587, "U5_28", 3400, -2250, "T", "DIP", "A2", "", "C", 62.99, 62.99, 39.37, 0],
		[588, "U5_28", 3400, -2250, "B", "DIP", "A2", "", "C", 62.99, 62.99, 39.37, 0],
		[589, "U5_29", 3500, -2350, "T", "DIP", "D1", "", "C", 62.99, 62.99, 39.37, 0],
		[590, "U5_29", 3500, -2350, "B", "DIP", "D1", "", "C", 62.99, 62.99, 39.37, 0],
		[591, "U5_30", 3500, -2250, "T", "DIP", "A1", "", "C", 62.99, 62.99, 39.37, 0],
		[592, "U5_30", 3500, -2250, "B", "DIP", "A1", "", "C", 62.99, 62.99, 39.37, 0],
		[593, "U5_31", 3600, -2350, "T", "DIP", "D0", "", "C", 62.99, 62.99, 39.37, 0],
		[594, "U5_31", 3600, -2350, "B", "DIP", "D0", "", "C", 62.99, 62.99, 39.37, 0],
		[595, "U5_32", 3600, -2250, "T", "DIP", "A0", "", "C", 62.99, 62.99, 39.37, 0],
		[596, "U5_32", 3600, -2250, "B", "DIP", "A0", "", "C", 62.99, 62.99, 39.37, 0],
		[597, "U6_1", 400, -2350, "T", "DIP", "GND", "GND", "R", 62.99, 62.99, 39.37, 0],
		[598, "U6_1", 400, -2350, "B", "DIP", "GND", "GND", "R", 62.99, 62.99, 39.37, 0],
		[599, "U6_2", 400, -2250, "T", "DIP", "GND", "GND", "C", 62.99, 62.99, 39.37, 0],
		[600, "U6_2", 400, -2250, "B", "DIP", "GND", "GND", "C", 62.99, 62.99, 39.37, 0],
		[601, "U6_3", 500, -2350, "T", "DIP", "GND", "GND", "C", 62.99, 62.99, 39.37, 0],
		[602, "U6_3", 500, -2350, "B", "DIP", "GND", "GND", "C", 62.99, 62.99, 39.37, 0],
		[603, "U6_4", 500, -2250, "T", "DIP", "GND", "GND", "C", 62.99, 62.99, 39.37, 0],
		[604, "U6_4", 500, -2250, "B", "DIP", "GND", "GND", "C", 62.99, 62.99, 39.37, 0],
		[605, "U6_5", 600, -2350, "T", "DIP", "+5V", "", "C", 62.99, 62.99, 39.37, 0],
		[606, "U6_5", 600, -2350, "B", "DIP", "+5V", "", "C", 62.99, 62.99, 39.37, 0],
		[607, "U6_6", 600, -2250, "T", "DIP", "+5V", "", "C", 62.99, 62.99, 39.37, 0],
		[608, "U6_6", 600, -2250, "B", "DIP", "+5V", "", "C", 62.99, 62.99, 39.37, 0],
		[609, "U6_7", 700, -2350, "T", "DIP", "+5V", "", "C", 62.99, 62.99, 39.37, 0],
		[610, "U6_7", 700, -2350, "B", "DIP", "+5V", "", "C", 62.99, 62.99, 39.37, 0],
		[611, "U6_8", 700, -2250, "T", "DIP", "+5V", "", "C", 62.99, 62.99, 39.37, 0],
		[612, "U6_8", 700, -2250, "B", "DIP", "+5V", "", "C", 62.99, 62.99, 39.37, 0],
		[613, "U6_9", 800, -2350, "T", "DIP", "+5V", "", "C", 62.99, 62.99, 39.37, 0],
		[614, "U6_9", 800, -2350, "B", "DIP", "+5V", "", "C", 62.99, 62.99, 39.37, 0],
		[615, "U6_10", 800, -2250, "T", "DIP", "+5V", "", "C", 62.99, 62.99, 39.37, 0],
		[616, "U6_10", 800, -2250, "B", "DIP", "+5V", "", "C", 62.99, 62.99, 39.37, 0],
		[617, "U6_11", 900, -2350, "T", "DIP", "+5V", "", "C", 62.99, 62.99, 39.37, 0],
		[618, "U6_11", 900, -2350, "B", "DIP", "+5V", "", "C", 62.99, 62.99, 39.37, 0],
		[619, "U6_12", 900, -2250, "T", "DIP", "+5V", "", "C", 62.99, 62.99, 39.37, 0],
		[620, "U6_12", 900, -2250, "B", "DIP", "+5V", "", "C", 62.99, 62.99, 39.37, 0],
		[621, "U6_13", 1000, -2350, "T", "DIP", "GND", "GND", "C", 62.99, 62.99, 39.37, 0],
		[622, "U6_13", 1000, -2350, "B", "DIP", "GND", "GND", "C", 62.99, 62.99, 39.37, 0],
		[623, "U6_14", 1000, -2250, "T", "DIP", "GND", "GND", "C", 62.99, 62.99, 39.37, 0],
		[624, "U6_14", 1000, -2250, "B", "DIP", "GND", "GND", "C", 62.99, 62.99, 39.37, 0],
		[625, "U6_15", 1100, -2350, "T", "DIP", "GND", "GND", "C", 62.99, 62.99, 39.37, 0],
		[626, "U6_15", 1100, -2350, "B", "DIP", "GND", "GND", "C", 62.99, 62.99, 39.37, 0],
		[627, "U6_16", 1100, -2250, "T", "DIP", "GND", "GND", "C", 62.99, 62.99, 39.37, 0],
		[628, "U6_16", 1100, -2250, "B", "DIP", "GND", "GND", "C", 62.99, 62.99, 39.37, 0],
		[629, "U6_17", 1200, -2350, "T", "DIP", "C7", "", "C", 62.99, 62.99, 39.37, 0],
		[630, "U6_17", 1200, -2350, "B", "DIP", "C7", "", "C", 62.99, 62.99, 39.37, 0],
		[631, "U6_18", 1200, -2250, "T", "DIP", "RST", "", "C", 62.99, 62.99, 39.37, 0],
		[632, "U6_18", 1200, -2250, "B", "DIP", "RST", "", "C", 62.99, 62.99, 39.37, 0],
		[633, "U6_19", 1300, -2350, "T", "DIP", "C6", "", "C", 62.99, 62.99, 39.37, 0],
		[634, "U6_19", 1300, -2350, "B", "DIP", "C6", "", "C", 62.99, 62.99, 39.37, 0],
		[635, "U6_20", 1300, -2250, "T", "DIP", "CLK", "", "C", 62.99, 62.99, 39.37, 0],
		[636, "U6_20", 1300, -2250, "B", "DIP", "CLK", "", "C", 62.99, 62.99, 39.37, 0],
		[637, "U6_21", 1400, -2350, "T", "DIP", "C5", "", "C", 62.99, 62.99, 39.37, 0],
		[638, "U6_21", 1400, -2350, "B", "DIP", "C5", "", "C", 62.99, 62.99, 39.37, 0],
		[639, "U6_22", 1400, -2250, "T", "DIP", "CLK#", "", "C", 62.99, 62.99, 39.37, 0],
		[640, "U6_22", 1400, -2250, "B", "DIP", "CLK#", "", "C", 62.99, 62.99, 39.37, 0],
		[641, "U6_23", 1500, -2350, "T", "DIP", "C4", "", "C", 62.99, 62.99, 39.37, 0],
		[642, "U6_23", 1500, -2350, "B", "DIP", "C4", "", "C", 62.99, 62.99, 39.37, 0],
		[643, "U6_24", 1500, -2250, "T", "DIP", "HLT", "", "C", 62.99, 62.99, 39.37, 0],
		[644, "U6_24", 1500, -2250, "B", "DIP", "HLT", "", "C", 62.99, 62.99, 39.37, 0],
		[645, "U6_25", 1600, -2350, "T", "DIP", "C3", "", "C", 62.99, 62.99, 39.37, 0],
		[646, "U6_25", 1600, -2350, "B", "DIP", "C3", "", "C", 62.99, 62.99, 39.37, 0],
		[647, "U6_26", 1600, -2250, "T", "DIP", "U6_26", "", "C", 62.99, 62.99, 39.37, 0],
		[648, "U6_26", 1600, -2250, "B", "DIP", "U6_26", "", "C", 62.99, 62.99, 39.37, 0],
		[649, "U6_27", 1700, -2350, "T", "DIP", "C2", "", "C", 62.99, 62.99, 39.37, 0],
		[650, "U6_27", 1700, -2350, "B", "DIP", "C2", "", "C", 62.99, 62.99, 39.37, 0],
		[651, "U6_28", 1700, -2250, "T", "DIP", "U6_28", "", "C", 62.99, 62.99, 39.37, 0],
		[652, "U6_28", 1700, -2250, "B", "DIP", "U6_28", "", "C", 62.99, 62.99, 39.37, 0],
		[653, "U6_29", 1800, -2350, "T", "DIP", "C1", "", "C", 62.99, 62.99, 39.37, 0],
		[654, "U6_29", 1800, -2350, "B", "DIP", "C1", "", "C", 62.99, 62.99, 39.37, 0],
		[655, "U6_30", 1800, -2250, "T", "DIP", "+3.3V", "", "C", 62.99, 62.99, 39.37, 0],
		[656, "U6_30", 1800, -2250, "B", "DIP", "+3.3V", "", "C", 62.99, 62.99, 39.37, 0],
		[657, "U6_31", 1900, -2350, "T", "DIP", "C0", "", "C", 62.99, 62.99, 39.37, 0],
		[658, "U6_31", 1900, -2350, "B", "DIP", "C0", "", "C", 62.99, 62.99, 39.37, 0],
		[659, "U6_32", 1900, -2250, "T", "DIP", "+3.3V", "", "C", 62.99, 62.99, 39.37, 0],
		[660, "U6_32", 1900, -2250, "B", "DIP", "+3.3V", "", "C", 62.99, 62.99, 39.37, 0],
		[661, "U7_1", 2100, -850, "T", "DIP", "D15", "", "R", 62.99, 62.99, 39.37, 0],
		[662, "U7_1", 2100, -850, "B", "DIP", "D15", "", "R", 62.99, 62.99, 39.37, 0],
		[663, "U7_2", 2100, -750, "T", "DIP", "A15", "", "C", 62.99, 62.99, 39.37, 0],
		[664, "U7_2", 2100, -750, "B", "DIP", "A15", "", "C", 62.99, 62.99, 39.37, 0],
		[665, "U7_3", 2200, -850, "T", "DIP", "D14", "", "C", 62.99, 62.99, 39.37, 0],
		[666, "U7_3", 2200, -850, "B", "DIP", "D14", "", "C", 62.99, 62.99, 39.37, 0],
		[667, "U7_4", 2200, -750, "T", "DIP", "A14", "", "C", 62.99, 62.99, 39.37, 0],
		[668, "U7_4", 2200, -750, "B", "DIP", "A14", "", "C", 62.99, 62.99, 39.37, 0],
		[669, "U7_5", 2300, -850, "T", "DIP", "D13", "", "C", 62.99, 62.99, 39.37, 0],
		[670, "U7_5", 2300, -850, "B", "DIP", "D13", "", "C", 62.99, 62.99, 39.37, 0],
		[671, "U7_6", 2300, -750, "T", "DIP", "A13", "", "C", 62.99, 62.99, 39.37, 0],
		[672, "U7_6", 2300, -750, "B", "DIP", "A13", "", "C", 62.99, 62.99, 39.37, 0],
		[673, "U7_7", 2400, -850, "T", "DIP", "D12", "", "C", 62.99, 62.99, 39.37, 0],
		[674, "U7_7", 2400, -850, "B", "DIP", "D12", "", "C", 62.99, 62.99, 39.37, 0],
		[675, "U7_8", 2400, -750, "T", "DIP", "A12", "", "C", 62.99, 62.99, 39.37, 0],
		[676, "U7_8", 2400, -750, "B", "DIP", "A12", "", "C", 62.99, 62.99, 39.37, 0],
		[677, "U7_9", 2500, -850, "T", "DIP", "D11", "", "C", 62.99, 62.99, 39.37, 0],
		[678, "U7_9", 2500, -850, "B", "DIP", "D11", "", "C", 62.99, 62.99, 39.37, 0],
		[679, "U7_10", 2500, -750, "T", "DIP", "A11", "", "C", 62.99, 62.99, 39.37, 0],
		[680, "U7_10", 2500, -750, "B", "DIP", "A11", "", "C", 62.99, 62.99, 39.37, 0],
		[681, "U7_11", 2600, -850, "T", "DIP", "D10", "", "C", 62.99, 62.99, 39.37, 0],
		[682, "U7_11", 2600, -850, "B", "DIP", "D10", "", "C", 62.99, 62.99, 39.37, 0],
		[683, "U7_12", 2600, -750, "T", "DIP", "A10", "", "C", 62.99, 62.99, 39.37, 0],
		[684, "U7_12", 2600, -750, "B", "DIP", "A10", "", "C", 62.99, 62.99, 39.37, 0],
		[685, "U7_13", 2700, -850, "T", "DIP", "D9", "", "C", 62.99, 62.99, 39.37, 0],
		[686, "U7_13", 2700, -850, "B", "DIP", "D9", "", "C", 62.99, 62.99, 39.37, 0],
		[687, "U7_14", 2700, -750, "T", "DIP", "A9", "", "C", 62.99, 62.99, 39.37, 0],
		[688, "U7_14", 2700, -750, "B", "DIP", "A9", "", "C", 62.99, 62.99, 39.37, 0],
		[689, "U7_15", 2800, -850, "T", "DIP", "D8", "", "C", 62.99, 62.99, 39.37, 0],
		[690, "U7_15", 2800, -850, "B", "DIP", "D8", "", "C", 62.99, 62.99, 39.37, 0],
		[691, "U7_16", 2800, -750, "T", "DIP", "A8", "", "C", 62.99, 62.99, 39.37, 0],
		[692, "U7_16", 2800, -750, "B", "DIP", "A8", "", "C", 62.99, 62.99, 39.37, 0],
		[693, "U7_17", 2900, -850, "T", "DIP", "D7", "", "C", 62.99, 62.99, 39.37, 0],
		[694, "U7_17", 2900, -850, "B", "DIP", "D7", "", "C", 62.99, 62.99, 39.37, 0],
		[695, "U7_18", 2900, -750, "T", "DIP", "A7", "", "C", 62.99, 62.99, 39.37, 0],
		[696, "U7_18", 2900, -750, "B", "DIP", "A7", "", "C", 62.99, 62.99, 39.37, 0],
		[697, "U7_19", 3000, -850, "T", "DIP", "D6", "", "C", 62.99, 62.99, 39.37, 0],
		[698, "U7_19", 3000, -850, "B", "DIP", "D6", "", "C", 62.99, 62.99, 39.37, 0],
		[699, "U7_20", 3000, -750, "T", "DIP", "A6", "", "C", 62.99, 62.99, 39.37, 0],
		[700, "U7_20", 3000, -750, "B", "DIP", "A6", "", "C", 62.99, 62.99, 39.37, 0],
		[701, "U7_21", 3100, -850, "T", "DIP", "D5", "", "C", 62.99, 62.99, 39.37, 0],
		[702, "U7_21", 3100, -850, "B", "DIP", "D5", "", "C", 62.99, 62.99, 39.37, 0],
		[703, "U7_22", 3100, -750, "T", "DIP", "A5", "", "C", 62.99, 62.99, 39.37, 0],
		[704, "U7_22", 3100, -750, "B", "DIP", "A5", "", "C", 62.99, 62.99, 39.37, 0],
		[705, "U7_23", 3200, -850, "T", "DIP", "D4", "", "C", 62.99, 62.99, 39.37, 0],
		[706, "U7_23", 3200, -850, "B", "DIP", "D4", "", "C", 62.99, 62.99, 39.37, 0],
		[707, "U7_24", 3200, -750, "T", "DIP", "A4", "", "C", 62.99, 62.99, 39.37, 0],
		[708, "U7_24", 3200, -750, "B", "DIP", "A4", "", "C", 62.99, 62.99, 39.37, 0],
		[709, "U7_25", 3300, -850, "T", "DIP", "D3", "", "C", 62.99, 62.99, 39.37, 0],
		[710, "U7_25", 3300, -850, "B", "DIP", "D3", "", "C", 62.99, 62.99, 39.37, 0],
		[711, "U7_26", 3300, -750, "T", "DIP", "A3", "", "C", 62.99, 62.99, 39.37, 0],
		[712, "U7_26", 3300, -750, "B", "DIP", "A3", "", "C", 62.99, 62.99, 39.37, 0],
		[713, "U7_27", 3400, -850, "T", "DIP", "D2", "", "C", 62.99, 62.99, 39.37, 0],
		[714, "U7_27", 3400, -850, "B", "DIP", "D2", "", "C", 62.99, 62.99, 39.37, 0],
		[715, "U7_28", 3400, -750, "T", "DIP", "A2", "", "C", 62.99, 62.99, 39.37, 0],
		[716, "U7_28", 3400, -750, "B", "DIP", "A2", "", "C", 62.99, 62.99, 39.37, 0],
		[717, "U7_29", 3500, -850, "T", "DIP", "D1", "", "C", 62.99, 62.99, 39.37, 0],
		[718, "U7_29", 3500, -850, "B", "DIP", "D1", "", "C", 62.99, 62.99, 39.37, 0],
		[719, "U7_30", 3500, -750, "T", "DIP", "A1", "", "C", 62.99, 62.99, 39.37, 0],
		[720, "U7_30", 3500, -750, "B", "DIP", "A1", "", "C", 62.99, 62.99, 39.37, 0],
		[721, "U7_31", 3600, -850, "T", "DIP", "D0", "", "C", 62.99, 62.99, 39.37, 0],
		[722, "U7_31", 3600, -850, "B", "DIP", "D0", "", "C", 62.99, 62.99, 39.37, 0],
		[723, "U7_32", 3600, -750, "T", "DIP", "A0", "", "C", 62.99, 62.99, 39.37, 0],
		[724, "U7_32", 3600, -750, "B", "DIP", "A0", "", "C", 62.99, 62.99, 39.37, 0],
		[725, "U8_1", 400, -850, "T", "DIP", "GND", "GND", "R", 62.99, 62.99, 39.37, 0],
		[726, "U8_1", 400, -850, "B", "DIP", "GND", "GND", "R", 62.99, 62.99, 39.37, 0],
		[727, "U8_2", 400, -750, "T", "DIP", "GND", "GND", "C", 62.99, 62.99, 39.37, 0],
		[728, "U8_2", 400, -750, "B", "DIP", "GND", "GND", "C", 62.99, 62.99, 39.37, 0],
		[729, "U8_3", 500, -850, "T", "DIP", "GND", "GND", "C", 62.99, 62.99, 39.37, 0],
		[730, "U8_3", 500, -850, "B", "DIP", "GND", "GND", "C", 62.99, 62.99, 39.37, 0],
		[731, "U8_4", 500, -750, "T", "DIP", "GND", "GND", "C", 62.99, 62.99, 39.37, 0],
		[732, "U8_4", 500, -750, "B", "DIP", "GND", "GND", "C", 62.99, 62.99, 39.37, 0],
		[733, "U8_5", 600, -850, "T", "DIP", "+5V", "", "C", 62.99, 62.99, 39.37, 0],
		[734, "U8_5", 600, -850, "B", "DIP", "+5V", "", "C", 62.99, 62.99, 39.37, 0],
		[735, "U8_6", 600, -750, "T", "DIP", "+5V", "", "C", 62.99, 62.99, 39.37, 0],
		[736, "U8_6", 600, -750, "B", "DIP", "+5V", "", "C", 62.99, 62.99, 39.37, 0],
		[737, "U8_7", 700, -850, "T", "DIP", "+5V", "", "C", 62.99, 62.99, 39.37, 0],
		[738, "U8_7", 700, -850, "B", "DIP", "+5V", "", "C", 62.99, 62.99, 39.37, 0],
		[739, "U8_8", 700, -750, "T", "DIP", "+5V", "", "C", 62.99, 62.99, 39.37, 0],
		[740, "U8_8", 700, -750, "B", "DIP", "+5V", "", "C", 62.99, 62.99, 39.37, 0],
		[741, "U8_9", 800, -850, "T", "DIP", "+5V", "", "C", 62.99, 62.99, 39.37, 0],
		[742, "U8_9", 800, -850, "B", "DIP", "+5V", "", "C", 62.99, 62.99, 39.37, 0],
		[743, "U8_10", 800, -750, "T", "DIP", "+5V", "", "C", 62.99, 62.99, 39.37, 0],
		[744, "U8_10", 800, -750, "B", "DIP", "+5V", "", "C", 62.99, 62.99, 39.37, 0],
		[745, "U8_11", 900, -850, "T", "DIP", "+5V", "", "C", 62.99, 62.99, 39.37, 0],
		[746, "U8_11", 900, -850, "B", "DIP", "+5V", "", "C", 62.99, 62.99, 39.37, 0],
		[747, "U8_12", 900, -750, "T", "DIP", "+5V", "", "C", 62.99, 62.99, 39.37, 0],
		[748, "U8_12", 900, -750, "B", "DIP", "+5V", "", "C", 62.99, 62.99, 39.37, 0],
		[749, "U8_13", 1000, -850, "T", "DIP", "GND", "GND", "C", 62.99, 62.99, 39.37, 0],
		[750, "U8_13", 1000, -850, "B", "DIP", "GND", "GND", "C", 62.99, 62.99, 39.37, 0],
		[751, "U8_14", 1000, -750, "T", "DIP", "GND", "GND", "C", 62.99, 62.99, 39.37, 0],
		[752, "U8_14", 1000, -750, "B", "DIP", "GND", "GND", "C", 62.99, 62.99, 39.37, 0],
		[753, "U8_15", 1100, -850, "T", "DIP", "GND", "GND", "C", 62.99, 62.99, 39.37, 0],
		[754, "U8_15", 1100, -850, "B", "DIP", "GND", "GND", "C", 62.99, 62.99, 39.37, 0],
		[755, "U8_16", 1100, -750, "T", "DIP", "GND", "GND", "C", 62.99, 62.99, 39.37, 0],
		[756, "U8_16", 1100, -750, "B", "DIP", "GND", "GND", "C", 62.99, 62.99, 39.37, 0],
		[757, "U8_17", 1200, -850, "T", "DIP", "C7", "", "C", 62.99, 62.99, 39.37, 0],
		[758, "U8_17", 1200, -850, "B", "DIP", "C7", "", "C", 62.99, 62.99, 39.37, 0],
		[759, "U8_18", 1200, -750, "T", "DIP", "RST", "", "C", 62.99, 62.99, 39.37, 0],
		[760, "U8_18", 1200, -750, "B", "DIP", "RST", "", "C", 62.99, 62.99, 39.37, 0],
		[761, "U8_19", 1300, -850, "T", "DIP", "C6", "", "C", 62.99, 62.99, 39.37, 0],
		[762, "U8_19", 1300, -850, "B", "DIP", "C6", "", "C", 62.99, 62.99, 39.37, 0],
		[763, "U8_20", 1300, -750, "T", "DIP", "CLK", "", "C", 62.99, 62.99, 39.37, 0],
		[764, "U8_20", 1300, -750, "B", "DIP", "CLK", "", "C", 62.99, 62.99, 39.37, 0],
		[765, "U8_21", 1400, -850, "T", "DIP", "C5", "", "C", 62.99, 62.99, 39.37, 0],
		[766, "U8_21", 1400, -850, "B", "DIP", "C5", "", "C", 62.99, 62.99, 39.37, 0],
		[767, "U8_22", 1400, -750, "T", "DIP", "CLK#", "", "C", 62.99, 62.99, 39.37, 0],
		[768, "U8_22", 1400, -750, "B", "DIP", "CLK#", "", "C", 62.99, 62.99, 39.37, 0],
		[769, "U8_23", 1500, -850, "T", "DIP", "C4", "", "C", 62.99, 62.99, 39.37, 0],
		[770, "U8_23", 1500, -850, "B", "DIP", "C4", "", "C", 62.99, 62.99, 39.37, 0],
		[771, "U8_24", 1500, -750, "T", "DIP", "HLT", "", "C", 62.99, 62.99, 39.37, 0],
		[772, "U8_24", 1500, -750, "B", "DIP", "HLT", "", "C", 62.99, 62.99, 39.37, 0],
		[773, "U8_25", 1600, -850, "T", "DIP", "C3", "", "C", 62.99, 62.99, 39.37, 0],
		[774, "U8_25", 1600, -850, "B", "DIP", "C3", "", "C", 62.99, 62.99, 39.37, 0],
		[775, "U8_26", 1600, -750, "T", "DIP", "U8_26", "", "C", 62.99, 62.99, 39.37, 0],
		[776, "U8_26", 1600, -750, "B", "DIP", "U8_26", "", "C", 62.99, 62.99, 39.37, 0],
		[777, "U8_27", 1700, -850, "T", "DIP", "C2", "", "C", 62.99, 62.99, 39.37, 0],
		[778, "U8_27", 1700, -850, "B", "DIP", "C2", "", "C", 62.99, 62.99, 39.37, 0],
		[779, "U8_28", 1700, -750, "T", "DIP", "U8_28", "", "C", 62.99, 62.99, 39.37, 0],
		[780, "U8_28", 1700, -750, "B", "DIP", "U8_28", "", "C", 62.99, 62.99, 39.37, 0],
		[781, "U8_29", 1800, -850, "T", "DIP", "C1", "", "C", 62.99, 62.99, 39.37, 0],
		[782, "U8_29", 1800, -850, "B", "DIP", "C1", "", "C", 62.99, 62.99, 39.37, 0],
		[783, "U8_30", 1800, -750, "T", "DIP", "+3.3V", "", "C", 62.99, 62.99, 39.37, 0],
		[784, "U8_30", 1800, -750, "B", "DIP", "+3.3V", "", "C", 62.99, 62.99, 39.37, 0],
		[785, "U8_31", 1900, -850, "T", "DIP", "C0", "", "C", 62.99, 62.99, 39.37, 0],
		[786, "U8_31", 1900, -850, "B", "DIP", "C0", "", "C", 62.99, 62.99, 39.37, 0],
		[787, "U8_32", 1900, -750, "T", "DIP", "+3.3V", "", "C", 62.99, 62.99, 39.37, 0],
		[788, "U8_32", 1900, -750, "B", "DIP", "+3.3V", "", "C", 62.99, 62.99, 39.37, 0],
		[789, "U9_1", 2100, -3200, "T", "DIP", "D15", "", "R", 62.99, 62.99, 39.37, 0],
		[790, "U9_1", 2100, -3200, "B", "DIP", "D15", "", "R", 62.99, 62.99, 39.37, 0],
		[791, "U9_2", 2100, -3100, "T", "DIP", "A15", "", "C", 62.99, 62.99, 39.37, 0],
		[792, "U9_2", 2100, -3100, "B", "DIP", "A15", "", "C", 62.99, 62.99, 39.37, 0],
		[793, "U9_3", 2200, -3200, "T", "DIP", "D14", "", "C", 62.99, 62.99, 39.37, 0],
		[794, "U9_3", 2200, -3200, "B", "DIP", "D14", "", "C", 62.99, 62.99, 39.37, 0],
		[795, "U9_4", 2200, -3100, "T", "DIP", "A14", "", "C", 62.99, 62.99, 39.37, 0],
		[796, "U9_4", 2200, -3100, "B", "DIP", "A14", "", "C", 62.99, 62.99, 39.37, 0],
		[797, "U9_5", 2300, -3200, "T", "DIP", "D13", "", "C", 62.99, 62.99, 39.37, 0],
		[798, "U9_5", 2300, -3200, "B", "DIP", "D13", "", "C", 62.99, 62.99, 39.37, 0],
		[799, "U9_6", 2300, -3100, "T", "DIP", "A13", "", "C", 62.99, 62.99, 39.37, 0],
		[800, "U9_6", 2300, -3100, "B", "DIP", "A13", "", "C", 62.99, 62.99, 39.37, 0],
		[801, "U9_7", 2400, -3200, "T", "DIP", "D12", "", "C", 62.99, 62.99, 39.37, 0],
		[802, "U9_7", 2400, -3200, "B", "DIP", "D12", "", "C", 62.99, 62.99, 39.37, 0],
		[803, "U9_8", 2400, -3100, "T", "DIP", "A12", "", "C", 62.99, 62.99, 39.37, 0],
		[804, "U9_8", 2400, -3100, "B", "DIP", "A12", "", "C", 62.99, 62.99, 39.37, 0],
		[805, "U9_9", 2500, -3200, "T", "DIP", "D11", "", "C", 62.99, 62.99, 39.37, 0],
		[806, "U9_9", 2500, -3200, "B", "DIP", "D11", "", "C", 62.99, 62.99, 39.37, 0],
		[807, "U9_10", 2500, -3100, "T", "DIP", "A11", "", "C", 62.99, 62.99, 39.37, 0],
		[808, "U9_10", 2500, -3100, "B", "DIP", "A11", "", "C", 62.99, 62.99, 39.37, 0],
		[809, "U9_11", 2600, -3200, "T", "DIP", "D10", "", "C", 62.99, 62.99, 39.37, 0],
		[810, "U9_11", 2600, -3200, "B", "DIP", "D10", "", "C", 62.99, 62.99, 39.37, 0],
		[811, "U9_12", 2600, -3100, "T", "DIP", "A10", "", "C", 62.99, 62.99, 39.37, 0],
		[812, "U9_12", 2600, -3100, "B", "DIP", "A10", "", "C", 62.99, 62.99, 39.37, 0],
		[813, "U9_13", 2700, -3200, "T", "DIP", "D9", "", "C", 62.99, 62.99, 39.37, 0],
		[814, "U9_13", 2700, -3200, "B", "DIP", "D9", "", "C", 62.99, 62.99, 39.37, 0],
		[815, "U9_14", 2700, -3100, "T", "DIP", "A9", "", "C", 62.99, 62.99, 39.37, 0],
		[816, "U9_14", 2700, -3100, "B", "DIP", "A9", "", "C", 62.99, 62.99, 39.37, 0],
		[817, "U9_15", 2800, -3200, "T", "DIP", "D8", "", "C", 62.99, 62.99, 39.37, 0],
		[818, "U9_15", 2800, -3200, "B", "DIP", "D8", "", "C", 62.99, 62.99, 39.37, 0],
		[819, "U9_16", 2800, -3100, "T", "DIP", "A8", "", "C", 62.99, 62.99, 39.37, 0],
		[820, "U9_16", 2800, -3100, "B", "DIP", "A8", "", "C", 62.99, 62.99, 39.37, 0],
		[821, "U9_17", 2900, -3200, "T", "DIP", "D7", "", "C", 62.99, 62.99, 39.37, 0],
		[822, "U9_17", 2900, -3200, "B", "DIP", "D7", "", "C", 62.99, 62.99, 39.37, 0],
		[823, "U9_18", 2900, -3100, "T", "DIP", "A7", "", "C", 62.99, 62.99, 39.37, 0],
		[824, "U9_18", 2900, -3100, "B", "DIP", "A7", "", "C", 62.99, 62.99, 39.37, 0],
		[825, "U9_19", 3000, -3200, "T", "DIP", "D6", "", "C", 62.99, 62.99, 39.37, 0],
		[826, "U9_19", 3000, -3200, "B", "DIP", "D6", "", "C", 62.99, 62.99, 39.37, 0],
		[827, "U9_20", 3000, -3100, "T", "DIP", "A6", "", "C", 62.99, 62.99, 39.37, 0],
		[828, "U9_20", 3000, -3100, "B", "DIP", "A6", "", "C", 62.99, 62.99, 39.37, 0],
		[829, "U9_21", 3100, -3200, "T", "DIP", "D5", "", "C", 62.99, 62.99, 39.37, 0],
		[830, "U9_21", 3100, -3200, "B", "DIP", "D5", "", "C", 62.99, 62.99, 39.37, 0],
		[831, "U9_22", 3100, -3100, "T", "DIP", "A5", "", "C", 62.99, 62.99, 39.37, 0],
		[832, "U9_22", 3100, -3100, "B", "DIP", "A5", "", "C", 62.99, 62.99, 39.37, 0],
		[833, "U9_23", 3200, -3200, "T", "DIP", "D4", "", "C", 62.99, 62.99, 39.37, 0],
		[834, "U9_23", 3200, -3200, "B", "DIP", "D4", "", "C", 62.99, 62.99, 39.37, 0],
		[835, "U9_24", 3200, -3100, "T", "DIP", "A4", "", "C", 62.99, 62.99, 39.37, 0],
		[836, "U9_24", 3200, -3100, "B", "DIP", "A4", "", "C", 62.99, 62.99, 39.37, 0],
		[837, "U9_25", 3300, -3200, "T", "DIP", "D3", "", "C", 62.99, 62.99, 39.37, 0],
		[838, "U9_25", 3300, -3200, "B", "DIP", "D3", "", "C", 62.99, 62.99, 39.37, 0],
		[839, "U9_26", 3300, -3100, "T", "DIP", "A3", "", "C", 62.99, 62.99, 39.37, 0],
		[840, "U9_26", 3300, -3100, "B", "DIP", "A3", "", "C", 62.99, 62.99, 39.37, 0],
		[841, "U9_27", 3400, -3200, "T", "DIP", "D2", "", "C", 62.99, 62.99, 39.37, 0],
		[842, "U9_27", 3400, -3200, "B", "DIP", "D2", "", "C", 62.99, 62.99, 39.37, 0],
		[843, "U9_28", 3400, -3100, "T", "DIP", "A2", "", "C", 62.99, 62.99, 39.37, 0],
		[844, "U9_28", 3400, -3100, "B", "DIP", "A2", "", "C", 62.99, 62.99, 39.37, 0],
		[845, "U9_29", 3500, -3200, "T", "DIP", "D1", "", "C", 62.99, 62.99, 39.37, 0],
		[846, "U9_29", 3500, -3200, "B", "DIP", "D1", "", "C", 62.99, 62.99, 39.37, 0],
		[847, "U9_30", 3500, -3100, "T", "DIP", "A1", "", "C", 62.99, 62.99, 39.37, 0],
		[848, "U9_30", 3500, -3100, "B", "DIP", "A1", "", "C", 62.99, 62.99, 39.37, 0],
		[849, "U9_31", 3600, -3200, "T", "DIP", "D0", "", "C", 62.99, 62.99, 39.37, 0],
		[850, "U9_31", 3600, -3200, "B", "DIP", "D0", "", "C", 62.99, 62.99, 39.37, 0],
		[851, "U9_32", 3600, -3100, "T", "DIP", "A0", "", "C", 62.99, 62.99, 39.37, 0],
		[852, "U9_32", 3600, -3100, "B", "DIP", "A0", "", "C", 62.99, 62.99, 39.37, 0],
		[853, "U10_1", 400, -3200, "T", "DIP", "GND", "GND", "R", 62.99, 62.99, 39.37, 0],
		[854, "U10_1", 400, -3200, "B", "DIP", "GND", "GND", "R", 62.99, 62.99, 39.37, 0],
		[855, "U10_2", 400, -3100, "T", "DIP", "GND", "GND", "C", 62.99, 62.99, 39.37, 0],
		[856, "U10_2", 400, -3100, "B", "DIP", "GND", "GND", "C", 62.99, 62.99, 39.37, 0],
		[857, "U10_3", 500, -3200, "T", "DIP", "GND", "GND", "C", 62.99, 62.99, 39.37, 0],
		[858, "U10_3", 500, -3200, "B", "DIP", "GND", "GND", "C", 62.99, 62.99, 39.37, 0],
		[859, "U10_4", 500, -3100, "T", "DIP", "GND", "GND", "C", 62.99, 62.99, 39.37, 0],
		[860, "U10_4", 500, -3100, "B", "DIP", "GND", "GND", "C", 62.99, 62.99, 39.37, 0],
		[861, "U10_5", 600, -3200, "T", "DIP", "+5V", "", "C", 62.99, 62.99, 39.37, 0],
		[862, "U10_5", 600, -3200, "B", "DIP", "+5V", "", "C", 62.99, 62.99, 39.37, 0],
		[863, "U10_6", 600, -3100, "T", "DIP", "+5V", "", "C", 62.99, 62.99, 39.37, 0],
		[864, "U10_6", 600, -3100, "B", "DIP", "+5V", "", "C", 62.99, 62.99, 39.37, 0],
		[865, "U10_7", 700, -3200, "T", "DIP", "+5V", "", "C", 62.99, 62.99, 39.37, 0],
		[866, "U10_7", 700, -3200, "B", "DIP", "+5V", "", "C", 62.99, 62.99, 39.37, 0],
		[867, "U10_8", 700, -3100, "T", "DIP", "+5V", "", "C", 62.99, 62.99, 39.37, 0],
		[868, "U10_8", 700, -3100, "B", "DIP", "+5V", "", "C", 62.99, 62.99, 39.37, 0],
		[869, "U10_9", 800, -3200, "T", "DIP", "+5V", "", "C", 62.99, 62.99, 39.37, 0],
		[870, "U10_9", 800, -3200, "B", "DIP", "+5V", "", "C", 62.99, 62.99, 39.37, 0],
		[871, "U10_10", 800, -3100, "T", "DIP", "+5V", "", "C", 62.99, 62.99, 39.37, 0],
		[872, "U10_10", 800, -3100, "B", "DIP", "+5V", "", "C", 62.99, 62.99, 39.37, 0],
		[873, "U10_11", 900, -3200, "T", "DIP", "+5V", "", "C", 62.99, 62.99, 39.37, 0],
		[874, "U10_11", 900, -3200, "B", "DIP", "+5V", "", "C", 62.99, 62.99, 39.37, 0],
		[875, "U10_12", 900, -3100, "T", "DIP", "+5V", "", "C", 62.99, 62.99, 39.37, 0],
		[876, "U10_12", 900, -3100, "B", "DIP", "+5V", "", "C", 62.99, 62.99, 39.37, 0],
		[877, "U10_13", 1000, -3200, "T", "DIP", "GND", "GND", "C", 62.99, 62.99, 39.37, 0],
		[878, "U10_13", 1000, -3200, "B", "DIP", "GND", "GND", "C", 62.99, 62.99, 39.37, 0],
		[879, "U10_14", 1000, -3100, "T", "DIP", "GND", "GND", "C", 62.99, 62.99, 39.37, 0],
		[880, "U10_14", 1000, -3100, "B", "DIP", "GND", "GND", "C", 62.99, 62.99, 39.37, 0],
		[881, "U10_15", 1100, -3200, "T", "DIP", "GND", "GND", "C", 62.99, 62.99, 39.37, 0],
		[882, "U10_15", 1100, -3200, "B", "DIP", "GND", "GND", "C", 62.99, 62.99, 39.37, 0],
		[883, "U10_16", 1100, -3100, "T", "DIP", "GND", "GND", "C", 62.99, 62.99, 39.37, 0],
		[884, "U10_16", 1100, -3100, "B", "DIP", "GND", "GND", "C", 62.99, 62.99, 39.37, 0],
		[885, "U10_17", 1200, -3200, "T", "DIP", "C7", "", "C", 62.99, 62.99, 39.37, 0],
		[886, "U10_17", 1200, -3200, "B", "DIP", "C7", "", "C", 62.99, 62.99, 39.37, 0],
		[887, "U10_18", 1200, -3100, "T", "DIP", "RST", "", "C", 62.99, 62.99, 39.37, 0],
		[888, "U10_18", 1200, -3100, "B", "DIP", "RST", "", "C", 62.99, 62.99, 39.37, 0],
		[889, "U10_19", 1300, -3200, "T", "DIP", "C6", "", "C", 62.99, 62.99, 39.37, 0],
		[890, "U10_19", 1300, -3200, "B", "DIP", "C6", "", "C", 62.99, 62.99, 39.37, 0],
		[891, "U10_20", 1300, -3100, "T", "DIP", "CLK", "", "C", 62.99, 62.99, 39.37, 0],
		[892, "U10_20", 1300, -3100, "B", "DIP", "CLK", "", "C", 62.99, 62.99, 39.37, 0],
		[893, "U10_21", 1400, -3200, "T", "DIP", "C5", "", "C", 62.99, 62.99, 39.37, 0],
		[894, "U10_21", 1400, -3200, "B", "DIP", "C5", "", "C", 62.99, 62.99, 39.37, 0],
		[895, "U10_22", 1400, -3100, "T", "DIP", "CLK#", "", "C", 62.99, 62.99, 39.37, 0],
		[896, "U10_22", 1400, -3100, "B", "DIP", "CLK#", "", "C", 62.99, 62.99, 39.37, 0],
		[897, "U10_23", 1500, -3200, "T", "DIP", "C4", "", "C", 62.99, 62.99, 39.37, 0],
		[898, "U10_23", 1500, -3200, "B", "DIP", "C4", "", "C", 62.99, 62.99, 39.37, 0],
		[899, "U10_24", 1500, -3100, "T", "DIP", "HLT", "", "C", 62.99, 62.99, 39.37, 0],
		[900, "U10_24", 1500, -3100, "B", "DIP", "HLT", "", "C", 62.99, 62.99, 39.37, 0],
		[901, "U10_25", 1600, -3200, "T", "DIP", "C3", "", "C", 62.99, 62.99, 39.37, 0],
		[902, "U10_25", 1600, -3200, "B", "DIP", "C3", "", "C", 62.99, 62.99, 39.37, 0],
		[903, "U10_26", 1600, -3100, "T", "DIP", "U10_26", "", "C", 62.99, 62.99, 39.37, 0],
		[904, "U10_26", 1600, -3100, "B", "DIP", "U10_26", "", "C", 62.99, 62.99, 39.37, 0],
		[905, "U10_27", 1700, -3200, "T", "DIP", "C2", "", "C", 62.99, 62.99, 39.37, 0],
		[906, "U10_27", 1700, -3200, "B", "DIP", "C2", "", "C", 62.99, 62.99, 39.37, 0],
		[907, "U10_28", 1700, -3100, "T", "DIP", "U10_28", "", "C", 62.99, 62.99, 39.37, 0],
		[908, "U10_28", 1700, -3100, "B", "DIP", "U10_28", "", "C", 62.99, 62.99, 39.37, 0],
		[909, "U10_29", 1800, -3200, "T", "DIP", "C1", "", "C", 62.99, 62.99, 39.37, 0],
		[910, "U10_29", 1800, -3200, "B", "DIP", "C1", "", "C", 62.99, 62.99, 39.37, 0],
		[911, "U10_30", 1800, -3100, "T", "DIP", "+3.3V", "", "C", 62.99, 62.99, 39.37, 0],
		[912, "U10_30", 1800, -3100, "B", "DIP", "+3.3V", "", "C", 62.99, 62.99, 39.37, 0],
		[913, "U10_31", 1900, -3200, "T", "DIP", "C0", "", "C", 62.99, 62.99, 39.37, 0],
		[914, "U10_31", 1900, -3200, "B", "DIP", "C0", "", "C", 62.99, 62.99, 39.37, 0],
		[915, "U10_32", 1900, -3100, "T", "DIP", "+3.3V", "", "C", 62.99, 62.99, 39.37, 0],
		[916, "U10_32", 1900, -3100, "B", "DIP", "+3.3V", "", "C", 62.99, 62.99, 39.37, 0],
		[917, "U11_1", 2100, -1600, "T", "DIP", "D15", "", "R", 62.99, 62.99, 39.37, 0],
		[918, "U11_1", 2100, -1600, "B", "DIP", "D15", "", "R", 62.99, 62.99, 39.37, 0],
		[919, "U11_2", 2100, -1500, "T", "DIP", "A15", "", "C", 62.99, 62.99, 39.37, 0],
		[920, "U11_2", 2100, -1500, "B", "DIP", "A15", "", "C", 62.99, 62.99, 39.37, 0],
		[921, "U11_3", 2200, -1600, "T", "DIP", "D14", "", "C", 62.99, 62.99, 39.37, 0],
		[922, "U11_3", 2200, -1600, "B", "DIP", "D14", "", "C", 62.99, 62.99, 39.37, 0],
		[923, "U11_4", 2200, -1500, "T", "DIP", "A14", "", "C", 62.99, 62.99, 39.37, 0],
		[924, "U11_4", 2200, -1500, "B", "DIP", "A14", "", "C", 62.99, 62.99, 39.37, 0],
		[925, "U11_5", 2300, -1600, "T", "DIP", "D13", "", "C", 62.99, 62.99, 39.37, 0],
		[926, "U11_5", 2300, -1600, "B", "DIP", "D13", "", "C", 62.99, 62.99, 39.37, 0],
		[927, "U11_6", 2300, -1500, "T", "DIP", "A13", "", "C", 62.99, 62.99, 39.37, 0],
		[928, "U11_6", 2300, -1500, "B", "DIP", "A13", "", "C", 62.99, 62.99, 39.37, 0],
		[929, "U11_7", 2400, -1600, "T", "DIP", "D12", "", "C", 62.99, 62.99, 39.37, 0],
		[930, "U11_7", 2400, -1600, "B", "DIP", "D12", "", "C", 62.99, 62.99, 39.37, 0],
		[931, "U11_8", 2400, -1500, "T", "DIP", "A12", "", "C", 62.99, 62.99, 39.37, 0],
		[932, "U11_8", 2400, -1500, "B", "DIP", "A12", "", "C", 62.99, 62.99, 39.37, 0],
		[933, "U11_9", 2500, -1600, "T", "DIP", "D11", "", "C", 62.99, 62.99, 39.37, 0],
		[934, "U11_9", 2500, -1600, "B", "DIP", "D11", "", "C", 62.99, 62.99, 39.37, 0],
		[935, "U11_10", 2500, -1500, "T", "DIP", "A11", "", "C", 62.99, 62.99, 39.37, 0],
		[936, "U11_10", 2500, -1500, "B", "DIP", "A11", "", "C", 62.99, 62.99, 39.37, 0],
		[937, "U11_11", 2600, -1600, "T", "DIP", "D10", "", "C", 62.99, 62.99, 39.37, 0],
		[938, "U11_11", 2600, -1600, "B", "DIP", "D10", "", "C", 62.99, 62.99, 39.37, 0],
		[939, "U11_12", 2600, -1500, "T", "DIP", "A10", "", "C", 62.99, 62.99, 39.37, 0],
		[940, "U11_12", 2600, -1500, "B", "DIP", "A10", "", "C", 62.99, 62.99, 39.37, 0],
		[941, "U11_13", 2700, -1600, "T", "DIP", "D9", "", "C", 62.99, 62.99, 39.37, 0],
		[942, "U11_13", 2700, -1600, "B", "DIP", "D9", "", "C", 62.99, 62.99, 39.37, 0],
		[943, "U11_14", 2700, -1500, "T", "DIP", "A9", "", "C", 62.99, 62.99, 39.37, 0],
		[944, "U11_14", 2700, -1500, "B", "DIP", "A9", "", "C", 62.99, 62.99, 39.37, 0],
		[945, "U11_15", 2800, -1600, "T", "DIP", "D8", "", "C", 62.99, 62.99, 39.37, 0],
		[946, "U11_15", 2800, -1600, "B", "DIP", "D8", "", "C", 62.99, 62.99, 39.37, 0],
		[947, "U11_16", 2800, -1500, "T", "DIP", "A8", "", "C", 62.99, 62.99, 39.37, 0],
		[948, "U11_16", 2800, -1500, "B", "DIP", "A8", "", "C", 62.99, 62.99, 39.37, 0],
		[949, "U11_17", 2900, -1600, "T", "DIP", "D7", "", "C", 62.99, 62.99, 39.37, 0],
		[950, "U11_17", 2900, -1600, "B", "DIP", "D7", "", "C", 62.99, 62.99, 39.37, 0],
		[951, "U11_18", 2900, -1500, "T", "DIP", "A7", "", "C", 62.99, 62.99, 39.37, 0],
		[952, "U11_18", 2900, -1500, "B", "DIP", "A7", "", "C", 62.99, 62.99, 39.37, 0],
		[953, "U11_19", 3000, -1600, "T", "DIP", "D6", "", "C", 62.99, 62.99, 39.37, 0],
		[954, "U11_19", 3000, -1600, "B", "DIP", "D6", "", "C", 62.99, 62.99, 39.37, 0],
		[955, "U11_20", 3000, -1500, "T", "DIP", "A6", "", "C", 62.99, 62.99, 39.37, 0],
		[956, "U11_20", 3000, -1500, "B", "DIP", "A6", "", "C", 62.99, 62.99, 39.37, 0],
		[957, "U11_21", 3100, -1600, "T", "DIP", "D5", "", "C", 62.99, 62.99, 39.37, 0],
		[958, "U11_21", 3100, -1600, "B", "DIP", "D5", "", "C", 62.99, 62.99, 39.37, 0],
		[959, "U11_22", 3100, -1500, "T", "DIP", "A5", "", "C", 62.99, 62.99, 39.37, 0],
		[960, "U11_22", 3100, -1500, "B", "DIP", "A5", "", "C", 62.99, 62.99, 39.37, 0],
		[961, "U11_23", 3200, -1600, "T", "DIP", "D4", "", "C", 62.99, 62.99, 39.37, 0],
		[962, "U11_23", 3200, -1600, "B", "DIP", "D4", "", "C", 62.99, 62.99, 39.37, 0],
		[963, "U11_24", 3200, -1500, "T", "DIP", "A4", "", "C", 62.99, 62.99, 39.37, 0],
		[964, "U11_24", 3200, -1500, "B", "DIP", "A4", "", "C", 62.99, 62.99, 39.37, 0],
		[965, "U11_25", 3300, -1600, "T", "DIP", "D3", "", "C", 62.99, 62.99, 39.37, 0],
		[966, "U11_25", 3300, -1600, "B", "DIP", "D3", "", "C", 62.99, 62.99, 39.37, 0],
		[967, "U11_26", 3300, -1500, "T", "DIP", "A3", "", "C", 62.99, 62.99, 39.37, 0],
		[968, "U11_26", 3300, -1500, "B", "DIP", "A3", "", "C", 62.99, 62.99, 39.37, 0],
		[969, "U11_27", 3400, -1600, "T", "DIP", "D2", "", "C", 62.99, 62.99, 39.37, 0],
		[970, "U11_27", 3400, -1600, "B", "DIP", "D2", "", "C", 62.99, 62.99, 39.37, 0],
		[971, "U11_28", 3400, -1500, "T", "DIP", "A2", "", "C", 62.99, 62.99, 39.37, 0],
		[972, "U11_28", 3400, -1500, "B", "DIP", "A2", "", "C", 62.99, 62.99, 39.37, 0],
		[973, "U11_29", 3500, -1600, "T", "DIP", "D1", "", "C", 62.99, 62.99, 39.37, 0],
		[974, "U11_29", 3500, -1600, "B", "DIP", "D1", "", "C", 62.99, 62.99, 39.37, 0],
		[975, "U11_30", 3500, -1500, "T", "DIP", "A1", "", "C", 62.99, 62.99, 39.37, 0],
		[976, "U11_30", 3500, -1500, "B", "DIP", "A1", "", "C", 62.99, 62.99, 39.37, 0],
		[977, "U11_31", 3600, -1600, "T", "DIP", "D0", "", "C", 62.99, 62.99, 39.37, 0],
		[978, "U11_31", 3600, -1600, "B", "DIP", "D0", "", "C", 62.99, 62.99, 39.37, 0],
		[979, "U11_32", 3600, -1500, "T", "DIP", "A0", "", "C", 62.99, 62.99, 39.37, 0],
		[980, "U11_32", 3600, -1500, "B", "DIP", "A0", "", "C", 62.99, 62.99, 39.37, 0],
		[981, "U12_1", 400, -1600, "T", "DIP", "GND", "GND", "R", 62.99, 62.99, 39.37, 0],
		[982, "U12_1", 400, -1600, "B", "DIP", "GND", "GND", "R", 62.99, 62.99, 39.37, 0],
		[983, "U12_2", 400, -1500, "T", "DIP", "GND", "GND", "C", 62.99, 62.99, 39.37, 0],
		[984, "U12_2", 400, -1500, "B", "DIP", "GND", "GND", "C", 62.99, 62.99, 39.37, 0],
		[985, "U12_3", 500, -1600, "T", "DIP", "GND", "GND", "C", 62.99, 62.99, 39.37, 0],
		[986, "U12_3", 500, -1600, "B", "DIP", "GND", "GND", "C", 62.99, 62.99, 39.37, 0],
		[987, "U12_4", 500, -1500, "T", "DIP", "GND", "GND", "C", 62.99, 62.99, 39.37, 0],
		[988, "U12_4", 500, -1500, "B", "DIP", "GND", "GND", "C", 62.99, 62.99, 39.37, 0],
		[989, "U12_5", 600, -1600, "T", "DIP", "+5V", "", "C", 62.99, 62.99, 39.37, 0],
		[990, "U12_5", 600, -1600, "B", "DIP", "+5V", "", "C", 62.99, 62.99, 39.37, 0],
		[991, "U12_6", 600, -1500, "T", "DIP", "+5V", "", "C", 62.99, 62.99, 39.37, 0],
		[992, "U12_6", 600, -1500, "B", "DIP", "+5V", "", "C", 62.99, 62.99, 39.37, 0],
		[993, "U12_7", 700, -1600, "T", "DIP", "+5V", "", "C", 62.99, 62.99, 39.37, 0],
		[994, "U12_7", 700, -1600, "B", "DIP", "+5V", "", "C", 62.99, 62.99, 39.37, 0],
		[995, "U12_8", 700, -1500, "T", "DIP", "+5V", "", "C", 62.99, 62.99, 39.37, 0],
		[996, "U12_8", 700, -1500, "B", "DIP", "+5V", "", "C", 62.99, 62.99, 39.37, 0],
		[997, "U12_9", 800, -1600, "T", "DIP", "+5V", "", "C", 62.99, 62.99, 39.37, 0],
		[998, "U12_9", 800, -1600, "B", "DIP", "+5V", "", "C", 62.99, 62.99, 39.37, 0],
		[999, "U12_10", 800, -1500, "T", "DIP", "+5V", "", "C", 62.99, 62.99, 39.37, 0],
		[1000, "U12_10", 800, -1500, "B", "DIP", "+5V", "", "C", 62.99, 62.99, 39.37, 0],
		[1001, "U12_11", 900, -1600, "T", "DIP", "+5V", "", "C", 62.99, 62.99, 39.37, 0],
		[1002, "U12_11", 900, -1600, "B", "DIP", "+5V", "", "C", 62.99, 62.99, 39.37, 0],
		[1003, "U12_12", 900, -1500, "T", "DIP", "+5V", "", "C", 62.99, 62.99, 39.37, 0],
		[1004, "U12_12", 900, -1500, "B", "DIP", "+5V", "", "C", 62.99, 62.99, 39.37, 0],
		[1005, "U12_13", 1000, -1600, "T", "DIP", "GND", "GND", "C", 62.99, 62.99, 39.37, 0],
		[1006, "U12_13", 1000, -1600, "B", "DIP", "GND", "GND", "C", 62.99, 62.99, 39.37, 0],
		[1007, "U12_14", 1000, -1500, "T", "DIP", "GND", "GND", "C", 62.99, 62.99, 39.37, 0],
		[1008, "U12_14", 1000, -1500, "B", "DIP", "GND", "GND", "C", 62.99, 62.99, 39.37, 0],
		[1009, "U12_15", 1100, -1600, "T", "DIP", "GND", "GND", "C", 62.99, 62.99, 39.37, 0],
		[1010, "U12_15", 1100, -1600, "B", "DIP", "GND", "GND", "C", 62.99, 62.99, 39.37, 0],
		[1011, "U12_16", 1100, -1500, "T", "DIP", "GND", "GND", "C", 62.99, 62.99, 39.37, 0],
		[1012, "U12_16", 1100, -1500, "B", "DIP", "GND", "GND", "C", 62.99, 62.99, 39.37, 0],
		[1013, "U12_17", 1200, -1600, "T", "DIP", "C7", "", "C", 62.99, 62.99, 39.37, 0],
		[1014, "U12_17", 1200, -1600, "B", "DIP", "C7", "", "C", 62.99, 62.99, 39.37, 0],
		[1015, "U12_18", 1200, -1500, "T", "DIP", "RST", "", "C", 62.99, 62.99, 39.37, 0],
		[1016, "U12_18", 1200, -1500, "B", "DIP", "RST", "", "C", 62.99, 62.99, 39.37, 0],
		[1017, "U12_19", 1300, -1600, "T", "DIP", "C6", "", "C", 62.99, 62.99, 39.37, 0],
		[1018, "U12_19", 1300, -1600, "B", "DIP", "C6", "", "C", 62.99, 62.99, 39.37, 0],
		[1019, "U12_20", 1300, -1500, "T", "DIP", "CLK", "", "C", 62.99, 62.99, 39.37, 0],
		[1020, "U12_20", 1300, -1500, "B", "DIP", "CLK", "", "C", 62.99, 62.99, 39.37, 0],
		[1021, "U12_21", 1400, -1600, "T", "DIP", "C5", "", "C", 62.99, 62.99, 39.37, 0],
		[1022, "U12_21", 1400, -1600, "B", "DIP", "C5", "", "C", 62.99, 62.99, 39.37, 0],
		[1023, "U12_22", 1400, -1500, "T", "DIP", "CLK#", "", "C", 62.99, 62.99, 39.37, 0],
		[1024, "U12_22", 1400, -1500, "B", "DIP", "CLK#", "", "C", 62.99, 62.99, 39.37, 0],
		[1025, "U12_23", 1500, -1600, "T", "DIP", "C4", "", "C", 62.99, 62.99, 39.37, 0],
		[1026, "U12_23", 1500, -1600, "B", "DIP", "C4", "", "C", 62.99, 62.99, 39.37, 0],
		[1027, "U12_24", 1500, -1500, "T", "DIP", "HLT", "", "C", 62.99, 62.99, 39.37, 0],
		[1028, "U12_24", 1500, -1500, "B", "DIP", "HLT", "", "C", 62.99, 62.99, 39.37, 0],
		[1029, "U12_25", 1600, -1600, "T", "DIP", "C3", "", "C", 62.99, 62.99, 39.37, 0],
		[1030, "U12_25", 1600, -1600, "B", "DIP", "C3", "", "C", 62.99, 62.99, 39.37, 0],
		[1031, "U12_26", 1600, -1500, "T", "DIP", "U12_26", "", "C", 62.99, 62.99, 39.37, 0],
		[1032, "U12_26", 1600, -1500, "B", "DIP", "U12_26", "", "C", 62.99, 62.99, 39.37, 0],
		[1033, "U12_27", 1700, -1600, "T", "DIP", "C2", "", "C", 62.99, 62.99, 39.37, 0],
		[1034, "U12_27", 1700, -1600, "B", "DIP", "C2", "", "C", 62.99, 62.99, 39.37, 0],
		[1035, "U12_28", 1700, -1500, "T", "DIP", "U12_28", "", "C", 62.99, 62.99, 39.37, 0],
		[1036, "U12_28", 1700, -1500, "B", "DIP", "U12_28", "", "C", 62.99, 62.99, 39.37, 0],
		[1037, "U12_29", 1800, -1600, "T", "DIP", "C1", "", "C", 62.99, 62.99, 39.37, 0],
		[1038, "U12_29", 1800, -1600, "B", "DIP", "C1", "", "C", 62.99, 62.99, 39.37, 0],
		[1039, "U12_30", 1800, -1500, "T", "DIP", "+3.3V", "", "C", 62.99, 62.99, 39.37, 0],
		[1040, "U12_30", 1800, -1500, "B", "DIP", "+3.3V", "", "C", 62.99, 62.99, 39.37, 0],
		[1041, "U12_31", 1900, -1600, "T", "DIP", "C0", "", "C", 62.99, 62.99, 39.37, 0],
		[1042, "U12_31", 1900, -1600, "B", "DIP", "C0", "", "C", 62.99, 62.99, 39.37, 0],
		[1043, "U12_32", 1900, -1500, "T", "DIP", "+3.3V", "", "C", 62.99, 62.99, 39.37, 0],
		[1044, "U12_32", 1900, -1500, "B", "DIP", "+3.3V", "", "C", 62.99, 62.99, 39.37, 0]
	]
}
}