{
"lengthUnit": "mil",
"components": {
	"fields": ["COMPONENT_NO", "COMPONENT_NAME", "LAYER", "X_COORDINATE", "Y_COORDINATE", "ANGLE"],
	"rows": [
		[1, "H1", "T", 135, -215, 0],
		[2, "R3", "T", 135, -110, 0]
	]
},
"pins": {
	"fields": ["PIN_NO", "PIN_NAME", "PIN_X", "PIN_Y", "LAYER", "PIN_TYPE", "NET_NAME", "NET_TYPE", "PAD_SHAPE", "PAD_SIZEX", "PAD_SIZEY", "HOLE_SIZE", "PAD_ANGLE"],
	"rows": [
		[1, "H1_1", 85, -215, "T", "DIP", "$1N160", "", "R", 70.87, 70.87, 43.31, 0],
		[2, "H1_1", 85, -215, "B", "DIP", "$1N160", "", "R", 70.87, 70.87, 43.31, 0],
		[3, "H1_2", 185, -215, "T", "DIP", "$1N165", "", "C", 70.87, 70.87, 43.31, 0],
		[4, "H1_2", 185, -215, "B", "DIP", "$1N165", "", "C", 70.87, 70.87, 43.31, 0],
		[5, "R3_1", 95.63, -110, "T", "SMD", "$1N160", "", "R", 44.59, 54.21, 0, 0],
		[6, "R3_2", 174.37, -110, "T", "SMD", "$1N165", "", "R", 44.59, 54.21, 0, 0]
	]
}
}