{
"lengthUnit": "mil",
"components": {
	"fields": ["COMPONENT_NO", "COMPONENT_NAME", "LAYER", "X_COORDINATE", "Y_COORDINATE", "ANGLE"],
	"rows": [
		[1, "C2", "T", 120, -115, 180],
		[2, "H1", "T", 125, -225, 0]
	]
},
"pins": {
	"fields": ["PIN_NO", "PIN_NAME", "PIN_X", "PIN_Y", "LAYER", "PIN_TYPE", "NET_NAME", "NET_TYPE", "PAD_SHAPE", "PAD_SIZEX", "PAD_SIZEY", "HOLE_SIZE", "PAD_ANGLE"],
	"rows": [
		[1, "C2_1", 182.7, -115, "T", "SMD", "$1N173", "", "R", 58.47, 68.03, 0, 180],
		[2, "C2_2", 57.3, -115, "T", "SMD", "$1N168", "", "R", 58.47, 68.03, 0, 180],
		[3, "H1_1", 75, -225, "T", "DIP", "$1N168", "", "R", 70.87, 70.87, 43.31, 0],
		[4, "H1_1", 75, -225, "B", "DIP", "$1N168", "", "R", 70.87, 70.87, 43.31, 0],
		[5, "H1_2", 175, -225, "T", "DIP", "$1N173", "", "C", 70.87, 70.87, 43.31, 0],
		[6, "H1_2", 175, -225, "B", "DIP", "$1N173", "", "C", 70.87, 70.87, 43.31, 0]
	]
}
}