{
"lengthUnit": "mil",
"components": {
	"fields": ["COMPONENT_NO", "COMPONENT_NAME", "LAYER", "X_COORDINATE", "Y_COORDINATE", "ANGLE"],
	"rows": [
		[1, "H1", "T", 210, -240, 0],
		[2, "Pulse1", "T", 210, -100, 180]
	]
},
"pins": {
	"fields": ["PIN_NO", "PIN_NAME", "PIN_X", "PIN_Y", "LAYER", "PIN_TYPE", "NET_NAME", "NET_TYPE", "PAD_SHAPE", "PAD_SIZEX", "PAD_SIZEY", "HOLE_SIZE", "PAD_ANGLE"],
	"rows": [
		[1, "H1_1", 160, -240, "T", "DIP", "$1N138", "", "R", 70.87, 70.87, 43.31, 0],
		[2, "H1_1", 160, -240, "B", "DIP", "$1N138", "", "R", 70.87, 70.87, 43.31, 0],
		[3, "H1_2", 260, -240, "T", "DIP", "$1N134", "", "C", 70.87, 70.87, 43.31, 0],
		[4, "H1_2", 260, -240, "B", "DIP", "$1N134", "", "C", 70.87, 70.87, 43.31, 0],
		[5, "Pulse1_1", 367.48, -100, "T", "SMD", "$1N134", "", "R", 74.8, 59.05, 0, 180],
		[6, "Pulse1_2", 52.52, -100, "T", "SMD", "$1N138", "", "R", 74.8, 59.05, 0, 180]
	]
}
}