{
"lengthUnit": "mil",
"components": {
	"fields": ["COMPONENT_NO", "COMPONENT_NAME", "LAYER", "X_COORDINATE", "Y_COORDINATE", "ANGLE"],
	"rows": [
		[1, "C1", "T", 128.93, -98.14, 0],
		[2, "C4", "B", 425, -175, 0],
		[3, "D1", "T", 275, -425, 90],
		[4, "D2", "T", 375, -425, 270],
		[5, "H1", "T", 375, -600, 0],
		[6, "R3", "T", 475, -425, 90],
		[7, "U3", "T", 425, -175, 0],
		[8, "U4", "T", 150, -250, 90]
	]
},
"pins": {
	"fields": ["PIN_NO", "PIN_NAME", "PIN_X", "PIN_Y", "LAYER", "PIN_TYPE", "NET_NAME", "NET_TYPE", "PAD_SHAPE", "PAD_SIZEX", "PAD_SIZEY", "HOLE_SIZE", "PAD_ANGLE"],
	"rows": [
		[1, "C1_1", 66.23, -98.14, "T", "SMD", "+5V-SB", "", "R", 58.47, 68.03, 0, 0],
		[2, "C1_2", 191.63, -98.14, "T", "SMD", "$1N466", "", "R", 58.47, 68.03, 0, 0],
		[3, "C4_1", 385.63, -175, "B", "SMD", "+5V-SB", "", "R", 55.51, 53.15, 0, 0],
		[4, "C4_2", 464.37, -175, "B", "SMD", "GND", "GND", "R", 55.51, 53.15, 0, 0],
		[5, "D1_1", 275, -486.02, "T", "SMD", "SW1", "", "R", 39.37, 47.24, 0, 90],
		[6, "D1_2", 275, -363.98, "T", "SMD", "+5V-SB", "", "R", 39.37, 47.24, 0, 90],
		[7, "D2_1", 375, -363.98, "T", "SMD", "PWR-ON-TRIG", "", "R", 39.37, 47.24, 0, 270],
		[8, "D2_2", 375, -486.02, "T", "SMD", "SW2", "", "R", 39.37, 47.24, 0, 270],
		[9, "H1_1", 175, -600, "T", "DIP", "+5V-SB", "", "R", 70.87, 70.87, 43.31, 0],
		[10, "H1_1", 175, -600, "B", "DIP", "+5V-SB", "", "R", 70.87, 70.87, 43.31, 0],
		[11, "H1_2", 275, -600, "T", "DIP", "SW1", "", "C", 70.87, 70.87, 43.31, 0],
		[12, "H1_2", 275, -600, "B", "DIP", "SW1", "", "C", 70.87, 70.87, 43.31, 0],
		[13, "H1_3", 375, -600, "T", "DIP", "SW2", "", "C", 70.87, 70.87, 43.31, 0],
		[14, "H1_3", 375, -600, "B", "DIP", "SW2", "", "C", 70.87, 70.87, 43.31, 0],
		[15, "H1_4", 475, -600, "T", "DIP", "GND", "GND", "C", 70.87, 70.87, 43.31, 0],
		[16, "H1_4", 475, -600, "B", "DIP", "GND", "GND", "C", 70.87, 70.87, 43.31, 0],
		[17, "H1_5", 575, -600, "T", "DIP", "PS-ON", "", "C", 70.87, 70.87, 43.31, 0],
		[18, "H1_5", 575, -600, "B", "DIP", "PS-ON", "", "C", 70.87, 70.87, 43.31, 0],
		[19, "R3_1", 475, -464.37, "T", "SMD", "GND", "GND", "R", 44.59, 54.21, 0, 90],
		[20, "R3_2", 475, -385.63, "T", "SMD", "PWR-ON-TRIG", "", "R", 44.59, 54.21, 0, 90],
		[21, "U3_1", 275, -284.02, "T", "SMD", "5V-SB-RST#", "", "O", 22.6, 80.24, 0, 0],
		[22, "U3_2", 325, -284.02, "T", "SMD", "+5V-SB", "", "O", 22.6, 80.24, 0, 0],
		[23, "U3_3", 375, -284.02, "T", "SMD", "PWR-ON-TRIG", "", "O", 22.6, 80.24, 0, 0],
		[24, "U3_4", 425, -284.02, "T", "SMD", "+5V-SB", "", "O", 22.6, 80.24, 0, 0],
		[25, "U3_5", 475, -284.02, "T", "SMD", "U3_5", "", "O", 22.6, 80.24, 0, 0],
		[26, "U3_6", 525, -284.02, "T", "SMD", "PS-ON", "", "O", 22.6, 80.24, 0, 0],
		[27, "U3_7", 575, -284.02, "T", "SMD", "GND", "GND", "O", 22.6, 80.24, 0, 0],
		[28, "U3_8", 575, -65.98, "T", "SMD", "U3_8", "", "O", 22.6, 80.24, 0, 0],
		[29, "U3_9", 525, -65.98, "T", "SMD", "U3_9", "", "O", 22.6, 80.24, 0, 0],
		[30, "U3_10", 475, -65.98, "T", "SMD", "U3_10", "", "O", 22.6, 80.24, 0, 0],
		[31, "U3_11", 425, -65.98, "T", "SMD", "U3_11", "", "O", 22.6, 80.24, 0, 0],
		[32, "U3_12", 375, -65.98, "T", "SMD", "U3_12", "", "O", 22.6, 80.24, 0, 0],
		[33, "U3_13", 325, -65.98, "T", "SMD", "U3_13", "", "O", 22.6, 80.24, 0, 0],
		[34, "U3_14", 275, -65.98, "T", "SMD", "+5V-SB", "", "O", 22.6, 80.24, 0, 0],
		[35, "U4_1", 187.39, -206.69, "T", "SMD", "$1N466", "", "R", 23.62, 39.37, 0, 180],
		[36, "U4_2", 150, -206.69, "T", "SMD", "GND", "GND", "R", 23.62, 39.37, 0, 180],
		[37, "U4_3", 112.61, -206.69, "T", "SMD", "+5V-SB", "", "R", 23.62, 39.37, 0, 180],
		[38, "U4_4", 112.59, -293.31, "T", "SMD", "+5V-SB", "", "R", 23.62, 39.37, 0, 180],
		[39, "U4_5", 187.41, -293.31, "T", "SMD", "5V-SB-RST#", "", "R", 23.62, 39.37, 0, 180]
	]
}
}