{
"lengthUnit": "mil",
"components": {
	"fields": ["COMPONENT_NO", "COMPONENT_NAME", "LAYER", "X_COORDINATE", "Y_COORDINATE", "ANGLE"],
	"rows": [
		[1, "D1", "T", 335, -70, 180],
		[2, "D2", "T", 335, -170, 180],
		[3, "D3", "T", 335, -270, 180],
		[4, "D4", "T", 335, -370, 180],
		[5, "H1", "B", 135, -220, 90],
		[6, "H2", "B", 535, -220, 270]
	]
},
"pins": {
	"fields": ["PIN_NO", "PIN_NAME", "PIN_X", "PIN_Y", "LAYER", "PIN_TYPE", "NET_NAME", "NET_TYPE", "PAD_SHAPE", "PAD_SIZEX", "PAD_SIZEY", "HOLE_SIZE", "PAD_ANGLE"],
	"rows": [
		[1, "D1_1", 396.02, -70, "T", "SMD", "$1N391", "", "R", 39.37, 47.24, 0, 180],
		[2, "D1_2", 273.98, -70, "T", "SMD", "$1N426", "", "R", 39.37, 47.24, 0, 180],
		[3, "D2_1", 396.02, -170, "T", "SMD", "$1N386", "", "R", 39.37, 47.24, 0, 180],
		[4, "D2_2", 273.98, -170, "T", "SMD", "$1N409", "", "R", 39.37, 47.24, 0, 180],
		[5, "D3_1", 396.02, -270, "T", "SMD", "$1N397", "", "R", 39.37, 47.24, 0, 180],
		[6, "D3_2", 273.98, -270, "T", "SMD", "$1N414", "", "R", 39.37, 47.24, 0, 180],
		[7, "D4_1", 396.02, -370, "T", "SMD", "$1N403", "", "R", 39.37, 47.24, 0, 180],
		[8, "D4_2", 273.98, -370, "T", "SMD", "$1N420", "", "R", 39.37, 47.24, 0, 180],
		[9, "H1_1", 135, -370, "T", "DIP", "$1N420", "", "R", 66.93, 66.93, 43.31, 90],
		[10, "H1_1", 135, -370, "B", "DIP", "$1N420", "", "R", 66.93, 66.93, 43.31, 90],
		[11, "H1_2", 135, -270, "T", "DIP", "$1N414", "", "C", 66.93, 66.93, 43.31, 90],
		[12, "H1_2", 135, -270, "B", "DIP", "$1N414", "", "C", 66.93, 66.93, 43.31, 90],
		[13, "H1_3", 135, -170, "T", "DIP", "$1N409", "", "C", 66.93, 66.93, 43.31, 90],
		[14, "H1_3", 135, -170, "B", "DIP", "$1N409", "", "C", 66.93, 66.93, 43.31, 90],
		[15, "H1_4", 135, -70, "T", "DIP", "$1N426", "", "C", 66.93, 66.93, 43.31, 90],
		[16, "H1_4", 135, -70, "B", "DIP", "$1N426", "", "C", 66.93, 66.93, 43.31, 90],
		[17, "H2_1", 535, -70, "T", "DIP", "$1N391", "", "R", 66.93, 66.93, 43.31, 270],
		[18, "H2_1", 535, -70, "B", "DIP", "$1N391", "", "R", 66.93, 66.93, 43.31, 270],
		[19, "H2_2", 535, -170, "T", "DIP", "$1N386", "", "C", 66.93, 66.93, 43.31, 270],
		[20, "H2_2", 535, -170, "B", "DIP", "$1N386", "", "C", 66.93, 66.93, 43.31, 270],
		[21, "H2_3", 535, -270, "T", "DIP", "$1N397", "", "C", 66.93, 66.93, 43.31, 270],
		[22, "H2_3", 535, -270, "B", "DIP", "$1N397", "", "C", 66.93, 66.93, 43.31, 270],
		[23, "H2_4", 535, -370, "T", "DIP", "$1N403", "", "C", 66.93, 66.93, 43.31, 270],
		[24, "H2_4", 535, -370, "B", "DIP", "$1N403", "", "C", 66.93, 66.93, 43.31, 270]
	]
}
}