{
"lengthUnit": "mil",
"components": {
	"fields": ["COMPONENT_NO", "COMPONENT_NAME", "LAYER", "X_COORDINATE", "Y_COORDINATE", "ANGLE"],
	"rows": [
		[1, "C3", "B", 415, -395, 90],
		[2, "U6", "T", 410, -390, 270],
		[3, "U7", "B", 660, -380, 270],
		[4, "U8", "B", 160, -380.05, 90]
	]
},
"pins": {
	"fields": ["PIN_NO", "PIN_NAME", "PIN_X", "PIN_Y", "LAYER", "PIN_TYPE", "NET_NAME", "NET_TYPE", "PAD_SHAPE", "PAD_SIZEX", "PAD_SIZEY", "HOLE_SIZE", "PAD_ANGLE"],
	"rows": [
		[1, "C3_1", 415, -434.37, "B", "SMD", "$1N365", "", "R", 55.51, 53.15, 0, 90],
		[2, "C3_2", 415, -355.63, "B", "SMD", "$1N403", "", "R", 55.51, 53.15, 0, 90],
		[3, "U6_1", 302.37, -240, "T", "SMD", "$1N336", "", "O", 23.43, 77.46, 0, 270],
		[4, "U6_2", 302.37, -290, "T", "SMD", "$1N340", "", "O", 23.43, 77.46, 0, 270],
		[5, "U6_3", 302.37, -340, "T", "SMD", "$1N345", "", "O", 23.43, 77.46, 0, 270],
		[6, "U6_4", 302.37, -390, "T", "SMD", "$1N350", "", "O", 23.43, 77.46, 0, 270],
		[7, "U6_5", 302.37, -440, "T", "SMD", "$1N355", "", "O", 23.43, 77.46, 0, 270],
		[8, "U6_6", 302.37, -490, "T", "SMD", "$1N360", "", "O", 23.43, 77.46, 0, 270],
		[9, "U6_7", 302.37, -540, "T", "SMD", "$1N365", "", "O", 23.43, 77.46, 0, 270],
		[10, "U6_8", 517.63, -540, "T", "SMD", "$1N370", "", "O", 23.43, 77.46, 0, 270],
		[11, "U6_9", 517.63, -490, "T", "SMD", "$1N379", "", "O", 23.43, 77.46, 0, 270],
		[12, "U6_10", 517.63, -440, "T", "SMD", "$1N383", "", "O", 23.43, 77.46, 0, 270],
		[13, "U6_11", 517.63, -390, "T", "SMD", "$1N388", "", "O", 23.43, 77.46, 0, 270],
		[14, "U6_12", 517.63, -340, "T", "SMD", "$1N393", "", "O", 23.43, 77.46, 0, 270],
		[15, "U6_13", 517.63, -290, "T", "SMD", "$1N398", "", "O", 23.43, 77.46, 0, 270],
		[16, "U6_14", 517.63, -240, "T", "SMD", "$1N403", "", "O", 23.43, 77.46, 0, 270],
		[17, "U7_1", 660, -80, "T", "DIP", "$1N403", "", "R", 66.93, 66.93, 43.31, 270],
		[18, "U7_1", 660, -80, "B", "DIP", "$1N403", "", "R", 66.93, 66.93, 43.31, 270],
		[19, "U7_2", 660, -180, "T", "DIP", "$1N398", "", "C", 66.93, 66.93, 43.31, 270],
		[20, "U7_2", 660, -180, "B", "DIP", "$1N398", "", "C", 66.93, 66.93, 43.31, 270],
		[21, "U7_3", 660, -280, "T", "DIP", "$1N393", "", "C", 66.93, 66.93, 43.31, 270],
		[22, "U7_3", 660, -280, "B", "DIP", "$1N393", "", "C", 66.93, 66.93, 43.31, 270],
		[23, "U7_4", 660, -380, "T", "DIP", "$1N388", "", "C", 66.93, 66.93, 43.31, 270],
		[24, "U7_4", 660, -380, "B", "DIP", "$1N388", "", "C", 66.93, 66.93, 43.31, 270],
		[25, "U7_5", 660, -480, "T", "DIP", "$1N383", "", "C", 66.93, 66.93, 43.31, 270],
		[26, "U7_5", 660, -480, "B", "DIP", "$1N383", "", "C", 66.93, 66.93, 43.31, 270],
		[27, "U7_6", 660, -580, "T", "DIP", "$1N379", "", "C", 66.93, 66.93, 43.31, 270],
		[28, "U7_6", 660, -580, "B", "DIP", "$1N379", "", "C", 66.93, 66.93, 43.31, 270],
		[29, "U7_7", 660, -680, "T", "DIP", "$1N370", "", "C", 66.93, 66.93, 43.31, 270],
		[30, "U7_7", 660, -680, "B", "DIP", "$1N370", "", "C", 66.93, 66.93, 43.31, 270],
		[31, "U8_1", 160, -680.05, "T", "DIP", "$1N365", "", "R", 66.93, 66.93, 43.31, 90],
		[32, "U8_1", 160, -680.05, "B", "DIP", "$1N365", "", "R", 66.93, 66.93, 43.31, 90],
		[33, "U8_2", 160, -580.05, "T", "DIP", "$1N360", "", "C", 66.93, 66.93, 43.31, 90],
		[34, "U8_2", 160, -580.05, "B", "DIP", "$1N360", "", "C", 66.93, 66.93, 43.31, 90],
		[35, "U8_3", 160, -480.05, "T", "DIP", "$1N355", "", "C", 66.93, 66.93, 43.31, 90],
		[36, "U8_3", 160, -480.05, "B", "DIP", "$1N355", "", "C", 66.93, 66.93, 43.31, 90],
		[37, "U8_4", 160, -380.05, "T", "DIP", "$1N350", "", "C", 66.93, 66.93, 43.31, 90],
		[38, "U8_4", 160, -380.05, "B", "DIP", "$1N350", "", "C", 66.93, 66.93, 43.31, 90],
		[39, "U8_5", 160, -280.05, "T", "DIP", "$1N345", "", "C", 66.93, 66.93, 43.31, 90],
		[40, "U8_5", 160, -280.05, "B", "DIP", "$1N345", "", "C", 66.93, 66.93, 43.31, 90],
		[41, "U8_6", 160, -180.05, "T", "DIP", "$1N340", "", "C", 66.93, 66.93, 43.31, 90],
		[42, "U8_6", 160, -180.05, "B", "DIP", "$1N340", "", "C", 66.93, 66.93, 43.31, 90],
		[43, "U8_7", 160, -80.05, "T", "DIP", "$1N336", "", "C", 66.93, 66.93, 43.31, 90],
		[44, "U8_7", 160, -80.05, "B", "DIP", "$1N336", "", "C", 66.93, 66.93, 43.31, 90]
	]
}
}