{
"lengthUnit": "mil",
"components": {
	"fields": ["COMPONENT_NO", "COMPONENT_NAME", "LAYER", "X_COORDINATE", "Y_COORDINATE", "ANGLE"],
	"rows": [
		[1, "C4", "B", 420, -225, 90],
		[2, "H1", "B", 665, -225, 90],
		[3, "H2", "B", 165, -225, 270],
		[4, "U1", "T", 415, -230, 270]
	]
},
"pins": {
	"fields": ["PIN_NO", "PIN_NAME", "PIN_X", "PIN_Y", "LAYER", "PIN_TYPE", "NET_NAME", "NET_TYPE", "PAD_SHAPE", "PAD_SIZEX", "PAD_SIZEY", "HOLE_SIZE", "PAD_ANGLE"],
	"rows": [
		[1, "C4_1", 420, -264.37, "B", "SMD", "VCC", "", "R", 55.51, 53.15, 0, 90],
		[2, "C4_2", 420, -185.63, "B", "SMD", "GND", "GND", "R", 55.51, 53.15, 0, 90],
		[3, "H1_1", 665, -375, "T", "DIP", "CONT", "", "R", 66.93, 66.93, 43.31, 90],
		[4, "H1_1", 665, -375, "B", "DIP", "CONT", "", "R", 66.93, 66.93, 43.31, 90],
		[5, "H1_2", 665, -275, "T", "DIP", "THRES", "", "C", 66.93, 66.93, 43.31, 90],
		[6, "H1_2", 665, -275, "B", "DIP", "THRES", "", "C", 66.93, 66.93, 43.31, 90],
		[7, "H1_3", 665, -175, "T", "DIP", "DISCH", "", "C", 66.93, 66.93, 43.31, 90],
		[8, "H1_3", 665, -175, "B", "DIP", "DISCH", "", "C", 66.93, 66.93, 43.31, 90],
		[9, "H1_4", 665, -75, "T", "DIP", "VCC", "", "C", 66.93, 66.93, 43.31, 90],
		[10, "H1_4", 665, -75, "B", "DIP", "VCC", "", "C", 66.93, 66.93, 43.31, 90],
		[11, "H2_1", 165, -75, "T", "DIP", "GND", "GND", "R", 66.93, 66.93, 43.31, 270],
		[12, "H2_1", 165, -75, "B", "DIP", "GND", "GND", "R", 66.93, 66.93, 43.31, 270],
		[13, "H2_2", 165, -175, "T", "DIP", "TRIG", "", "C", 66.93, 66.93, 43.31, 270],
		[14, "H2_2", 165, -175, "B", "DIP", "TRIG", "", "C", 66.93, 66.93, 43.31, 270],
		[15, "H2_3", 165, -275, "T", "DIP", "OUT", "", "C", 66.93, 66.93, 43.31, 270],
		[16, "H2_3", 165, -275, "B", "DIP", "OUT", "", "C", 66.93, 66.93, 43.31, 270],
		[17, "H2_4", 165, -375, "T", "DIP", "RST", "", "C", 66.93, 66.93, 43.31, 270],
		[18, "H2_4", 165, -375, "B", "DIP", "RST", "", "C", 66.93, 66.93, 43.31, 270],
		[19, "U1_1", 305.85, -155, "T", "SMD", "GND", "GND", "O", 23.15, 80.51, 0, 270],
		[20, "U1_2", 305.85, -205, "T", "SMD", "TRIG", "", "O", 23.15, 80.51, 0, 270],
		[21, "U1_3", 305.85, -255, "T", "SMD", "OUT", "", "O", 23.15, 80.51, 0, 270],
		[22, "U1_4", 305.85, -305, "T", "SMD", "RST", "", "O", 23.15, 80.51, 0, 270],
		[23, "U1_5", 524.15, -305, "T", "SMD", "CONT", "", "O", 23.15, 80.51, 0, 270],
		[24, "U1_6", 524.15, -255, "T", "SMD", "THRES", "", "O", 23.15, 80.51, 0, 270],
		[25, "U1_7", 524.15, -205, "T", "SMD", "DISCH", "", "O", 23.15, 80.51, 0, 270],
		[26, "U1_8", 524.15, -155, "T", "SMD", "VCC", "", "O", 23.15, 80.51, 0, 270]
	]
}
}