{
"lengthUnit": "mil",
"components": {
	"fields": ["COMPONENT_NO", "COMPONENT_NAME", "LAYER", "X_COORDINATE", "Y_COORDINATE", "ANGLE"],
	"rows": [
		[1, "Auto-HS", "T", 945, -1275, 90],
		[2, "Auto-LS", "T", 1065, -1275, 90],
		[3, "C5", "T", 1060, -170, 0],
		[4, "D1", "T", 810, -980, 0],
		[5, "D2", "T", 810, -1065, 0],
		[6, "D3", "T", 415, -575, 0],
		[7, "D4", "T", 415, -670, 0],
		[8, "D5", "T", 580, -945, 180],
		[9, "D6", "T", 50, -1030, 270],
		[10, "D7", "T", 585, -1040, 180],
		[11, "H1", "B", 250.7, -510.7, 270],
		[12, "H2", "B", 1150.7, -510.7, 90],
		[13, "H4", "T", 675, -75, 0],
		[14, "Halt", "T", 1301.23, -1274.77, 90],
		[15, "Manual", "T", 1185, -1275, 90],
		[16, "Mode", "T", 230, -1260, 0],
		[17, "Pulse", "T", 640, -1260, 180],
		[18, "R1", "B", 343.41, -1260, 180],
		[19, "R2", "B", 525, -1260, 180],
		[20, "RN19", "B", 1125, -1100, 180],
		[21, "U1", "B", 310, -975, 180],
		[22, "U2", "T", 730, -675, 0],
		[23, "U3", "T", 725, -330, 0],
		[24, "U4", "T", 1085, -985, 0],
		[25, "U5", "B", 710, -505, 270],
		[26, "U6", "T", 310, -980, 0]
	]
},
"pins": {
	"fields": ["PIN_NO", "PIN_NAME", "PIN_X", "PIN_Y", "LAYER", "PIN_TYPE", "NET_NAME", "NET_TYPE", "PAD_SHAPE", "PAD_SIZEX", "PAD_SIZEY", "HOLE_SIZE", "PAD_ANGLE"],
	"rows": [
		[1, "Auto-HS_1", 945.13, -1306.48, "T", "SMD", "GND", "GND", "R", 31.5, 31.5, 0, 180],
		[2, "Auto-HS_2", 944.87, -1243.53, "T", "SMD", "$1N4491", "", "R", 31.5, 31.5, 0, 180],
		[3, "Auto-LS_1", 1065.13, -1306.48, "T", "SMD", "GND", "GND", "R", 31.5, 31.5, 0, 180],
		[4, "Auto-LS_2", 1064.87, -1243.53, "T", "SMD", "$1N4496", "", "R", 31.5, 31.5, 0, 180],
		[5, "C5_1", 991.1, -170, "T", "DIP", "+5V", "", "C", 62.99, 62.99, 39.37, 90],
		[6, "C5_1", 991.1, -170, "B", "DIP", "+5V", "", "C", 62.99, 62.99, 39.37, 90],
		[7, "C5_2", 1128.9, -170, "T", "DIP", "GND", "GND", "C", 62.99, 62.99, 39.37, 90],
		[8, "C5_2", 1128.9, -170, "B", "DIP", "GND", "GND", "C", 62.99, 62.99, 39.37, 90],
		[9, "D1_1", 748.98, -980, "T", "SMD", "$1N9454", "", "R", 39.37, 47.24, 0, 0],
		[10, "D1_2", 871.02, -980, "T", "SMD", "MODE-RST", "", "R", 39.37, 47.24, 0, 0],
		[11, "D2_1", 748.98, -1065, "T", "SMD", "$1N9454", "", "R", 39.37, 47.24, 0, 0],
		[12, "D2_2", 871.02, -1065, "T", "SMD", "RST", "", "R", 39.37, 47.24, 0, 0],
		[13, "D3_1", 353.98, -575, "T", "SMD", "CLK", "", "R", 39.37, 47.24, 0, 0],
		[14, "D3_2", 476.02, -575, "T", "SMD", "CLK-HLT", "", "R", 39.37, 47.24, 0, 0],
		[15, "D4_1", 353.98, -670, "T", "SMD", "CLK", "", "R", 39.37, 47.24, 0, 0],
		[16, "D4_2", 476.02, -670, "T", "SMD", "CLK-NOT-HLT", "", "R", 39.37, 47.24, 0, 0],
		[17, "D5_1", 641.02, -945, "T", "SMD", "CLK-INT", "", "R", 39.37, 47.24, 0, 180],
		[18, "D5_2", 518.98, -945, "T", "SMD", "$1N11135", "", "R", 39.37, 47.24, 0, 180],
		[19, "D6_1", 50, -968.98, "T", "SMD", "CLK-INT", "", "R", 39.37, 47.24, 0, 270],
		[20, "D6_2", 50, -1091.02, "T", "SMD", "$1N11017", "", "R", 39.37, 47.24, 0, 270],
		[21, "D7_1", 646.02, -1040, "T", "SMD", "CLK-INT", "", "R", 39.37, 47.24, 0, 180],
		[22, "D7_2", 523.98, -1040, "T", "SMD", "$1N11023", "", "R", 39.37, 47.24, 0, 180],
		[23, "H1_1", 250.7, -360.7, "T", "DIP", "H1_1", "", "R", 66.93, 66.93, 43.31, 270],
		[24, "H1_1", 250.7, -360.7, "B", "DIP", "H1_1", "", "R", 66.93, 66.93, 43.31, 270],
		[25, "H1_2", 250.7, -460.7, "T", "DIP", "HLT", "", "C", 66.93, 66.93, 43.31, 270],
		[26, "H1_2", 250.7, -460.7, "B", "DIP", "HLT", "", "C", 66.93, 66.93, 43.31, 270],
		[27, "H1_3", 250.7, -560.7, "T", "DIP", "CLK#", "", "C", 66.93, 66.93, 43.31, 270],
		[28, "H1_3", 250.7, -560.7, "B", "DIP", "CLK#", "", "C", 66.93, 66.93, 43.31, 270],
		[29, "H1_4", 250.7, -660.7, "T", "DIP", "CLK", "", "C", 66.93, 66.93, 43.31, 270],
		[30, "H1_4", 250.7, -660.7, "B", "DIP", "CLK", "", "C", 66.93, 66.93, 43.31, 270],
		[31, "H2_1", 1150.7, -660.7, "T", "DIP", "+5V", "", "R", 66.93, 66.93, 43.31, 90],
		[32, "H2_1", 1150.7, -660.7, "B", "DIP", "+5V", "", "R", 66.93, 66.93, 43.31, 90],
		[33, "H2_2", 1150.7, -560.7, "T", "DIP", "RST", "", "C", 66.93, 66.93, 43.31, 90],
		[34, "H2_2", 1150.7, -560.7, "B", "DIP", "RST", "", "C", 66.93, 66.93, 43.31, 90],
		[35, "H2_3", 1150.7, -460.7, "T", "DIP", "H2_3", "", "C", 66.93, 66.93, 43.31, 90],
		[36, "H2_3", 1150.7, -460.7, "B", "DIP", "H2_3", "", "C", 66.93, 66.93, 43.31, 90],
		[37, "H2_4", 1150.7, -360.7, "T", "DIP", "GND", "GND", "C", 66.93, 66.93, 43.31, 90],
		[38, "H2_4", 1150.7, -360.7, "B", "DIP", "GND", "GND", "C", 66.93, 66.93, 43.31, 90],
		[39, "H4_1", 525, -75, "T", "DIP", "CLK-LS", "", "R", 66.93, 66.93, 43.31, 0],
		[40, "H4_1", 525, -75, "B", "DIP", "CLK-LS", "", "R", 66.93, 66.93, 43.31, 0],
		[41, "H4_2", 625, -75, "T", "DIP", "CLK-HS", "", "C", 66.93, 66.93, 43.31, 0],
		[42, "H4_2", 625, -75, "B", "DIP", "CLK-HS", "", "C", 66.93, 66.93, 43.31, 0],
		[43, "H4_3", 725, -75, "T", "DIP", "GND", "GND", "C", 66.93, 66.93, 43.31, 0],
		[44, "H4_3", 725, -75, "B", "DIP", "GND", "GND", "C", 66.93, 66.93, 43.31, 0],
		[45, "H4_4", 825, -75, "T", "DIP", "+5V", "", "C", 66.93, 66.93, 43.31, 0],
		[46, "H4_4", 825, -75, "B", "DIP", "+5V", "", "C", 66.93, 66.93, 43.31, 0],
		[47, "Halt_1", 1301.36, -1306.25, "T", "SMD", "GND", "GND", "R", 31.5, 31.5, 0, 180],
		[48, "Halt_2", 1301.09, -1243.3, "T", "SMD", "$1N7315", "", "R", 31.5, 31.5, 0, 180],
		[49, "Manual_1", 1185.13, -1306.48, "T", "SMD", "GND", "GND", "R", 31.5, 31.5, 0, 180],
		[50, "Manual_2", 1184.87, -1243.53, "T", "SMD", "$1N7311", "", "R", 31.5, 31.5, 0, 180],
		[51, "Mode_1", 72.52, -1260, "T", "SMD", "+5V", "", "R", 74.8, 59.05, 0, 0],
		[52, "Mode_2", 387.48, -1260, "T", "SMD", "MODE-SW", "", "R", 74.8, 59.05, 0, 0],
		[53, "Pulse_1", 797.48, -1260, "T", "SMD", "+5V", "", "R", 74.8, 59.05, 0, 180],
		[54, "Pulse_2", 482.52, -1260, "T", "SMD", "PULSE-SW", "", "R", 74.8, 59.05, 0, 180],
		[55, "R1_1", 382.78, -1260, "B", "SMD", "MODE-SW", "", "R", 44.59, 54.21, 0, 180],
		[56, "R1_2", 304.04, -1260, "B", "SMD", "GND", "GND", "R", 44.59, 54.21, 0, 180],
		[57, "R2_1", 564.37, -1260, "B", "SMD", "GND", "GND", "R", 44.59, 54.21, 0, 180],
		[58, "R2_2", 485.63, -1260, "B", "SMD", "PULSE-SW", "", "R", 44.59, 54.21, 0, 180],
		[59, "RN19_1", 1172.24, -1135.43, "B", "SMD", "$1N7315", "", "R", 25.59, 31.5, 0, 180],
		[60, "RN19_2", 1140.75, -1135.43, "B", "SMD", "$1N7311", "", "R", 19.68, 31.5, 0, 180],
		[61, "RN19_3", 1109.25, -1135.43, "B", "SMD", "$1N4496", "", "R", 19.68, 31.5, 0, 180],
		[62, "RN19_4", 1077.76, -1135.43, "B", "SMD", "$1N4491", "", "R", 25.59, 31.5, 0, 180],
		[63, "RN19_5", 1077.76, -1064.57, "B", "SMD", "MODE2", "", "R", 25.59, 31.5, 0, 180],
		[64, "RN19_6", 1109.25, -1064.57, "B", "SMD", "MODE1", "", "R", 19.68, 31.5, 0, 180],
		[65, "RN19_7", 1140.75, -1064.57, "B", "SMD", "MODE0", "", "R", 19.68, 31.5, 0, 180],
		[66, "RN19_8", 1172.24, -1064.57, "B", "SMD", "HLT", "", "R", 25.59, 31.5, 0, 180],
		[67, "U1_1", 485, -1162.02, "B", "SMD", "PULSE-SW", "", "O", 22.6, 94.51, 0, 180],
		[68, "U1_2", 435, -1162.02, "B", "SMD", "U1_2", "", "O", 22.6, 94.51, 0, 180],
		[69, "U1_3", 385, -1162.02, "B", "SMD", "MODE-SW", "", "O", 22.6, 94.51, 0, 180],
		[70, "U1_4", 335, -1162.02, "B", "SMD", "U1_4", "", "O", 22.6, 94.51, 0, 180],
		[71, "U1_5", 285, -1162.02, "B", "SMD", "GND", "GND", "O", 22.6, 94.51, 0, 180],
		[72, "U1_6", 235, -1162.02, "B", "SMD", "U1_6", "", "O", 22.6, 94.51, 0, 180],
		[73, "U1_7", 185, -1162.02, "B", "SMD", "+5V", "", "O", 22.6, 94.51, 0, 180],
		[74, "U1_8", 135, -1162.02, "B", "SMD", "GND", "GND", "O", 22.6, 94.51, 0, 180],
		[75, "U1_9", 135, -787.98, "B", "SMD", "U1_9", "", "O", 22.6, 94.51, 0, 180],
		[76, "U1_10", 185, -787.98, "B", "SMD", "GND", "GND", "O", 22.6, 94.51, 0, 180],
		[77, "U1_11", 235, -787.98, "B", "SMD", "U1_11", "", "O", 22.6, 94.51, 0, 180],
		[78, "U1_12", 285, -787.98, "B", "SMD", "GND", "GND", "O", 22.6, 94.51, 0, 180],
		[79, "U1_13", 335, -787.98, "B", "SMD", "MODE-TRG", "", "O", 22.6, 94.51, 0, 180],
		[80, "U1_14", 385, -787.98, "B", "SMD", "GND", "GND", "O", 22.6, 94.51, 0, 180],
		[81, "U1_15", 435, -787.98, "B", "SMD", "PULSE-TRG", "", "O", 22.6, 94.51, 0, 180],
		[82, "U1_16", 485, -787.98, "B", "SMD", "+5V", "", "O", 22.6, 94.51, 0, 180],
		[83, "U2_1", 555, -784.02, "T", "SMD", "+5V", "", "O", 22.6, 80.24, 0, 0],
		[84, "U2_2", 605, -784.02, "T", "SMD", "C1", "", "O", 22.6, 80.24, 0, 0],
		[85, "U2_3", 655, -784.02, "T", "SMD", "C0", "", "O", 22.6, 80.24, 0, 0],
		[86, "U2_4", 705, -784.02, "T", "SMD", "+5V", "", "O", 22.6, 80.24, 0, 0],
		[87, "U2_5", 755, -784.02, "T", "SMD", "MODE-TRG", "", "O", 22.6, 80.24, 0, 0],
		[88, "U2_6", 805, -784.02, "T", "SMD", "U2_6", "", "O", 22.6, 80.24, 0, 0],
		[89, "U2_7", 855, -784.02, "T", "SMD", "U2_7", "", "O", 22.6, 80.24, 0, 0],
		[90, "U2_8", 905, -784.02, "T", "SMD", "GND", "GND", "O", 22.6, 80.24, 0, 0],
		[91, "U2_9", 905, -565.98, "T", "SMD", "+5V", "", "O", 22.6, 80.24, 0, 0],
		[92, "U2_10", 855, -565.98, "T", "SMD", "+5V", "", "O", 22.6, 80.24, 0, 0],
		[93, "U2_11", 805, -565.98, "T", "SMD", "RST#", "", "O", 22.6, 80.24, 0, 0],
		[94, "U2_12", 755, -565.98, "T", "SMD", "U2_12", "", "O", 22.6, 80.24, 0, 0],
		[95, "U2_13", 705, -565.98, "T", "SMD", "U2_13", "", "O", 22.6, 80.24, 0, 0],
		[96, "U2_14", 655, -565.98, "T", "SMD", "$1N9454", "", "O", 22.6, 80.24, 0, 0],
		[97, "U2_15", 605, -565.98, "T", "SMD", "+5V", "", "O", 22.6, 80.24, 0, 0],
		[98, "U2_16", 555, -565.98, "T", "SMD", "+5V", "", "O", 22.6, 80.24, 0, 0],
		[99, "U3_1", 575, -437.63, "T", "SMD", "PULSE-TRG", "", "O", 23.43, 77.46, 0, 0],
		[100, "U3_2", 625, -437.63, "T", "SMD", "HLT", "", "O", 23.43, 77.46, 0, 0],
		[101, "U3_3", 675, -437.63, "T", "SMD", "CLK-HLT#", "", "O", 23.43, 77.46, 0, 0],
		[102, "U3_4", 725, -437.63, "T", "SMD", "CLK-HLT#", "", "O", 23.43, 77.46, 0, 0],
		[103, "U3_5", 775, -437.63, "T", "SMD", "CLK-HLT#", "", "O", 23.43, 77.46, 0, 0],
		[104, "U3_6", 825, -437.63, "T", "SMD", "CLK-HLT", "", "O", 23.43, 77.46, 0, 0],
		[105, "U3_7", 875, -437.63, "T", "SMD", "GND", "GND", "O", 23.43, 77.46, 0, 0],
		[106, "U3_8", 875, -222.37, "T", "SMD", "U3_8", "", "O", 23.43, 77.46, 0, 0],
		[107, "U3_9", 825, -222.37, "T", "SMD", "GND", "GND", "O", 23.43, 77.46, 0, 0],
		[108, "U3_10", 775, -222.37, "T", "SMD", "GND", "GND", "O", 23.43, 77.46, 0, 0],
		[109, "U3_11", 725, -222.37, "T", "SMD", "CLK#", "", "O", 23.43, 77.46, 0, 0],
		[110, "U3_12", 675, -222.37, "T", "SMD", "CLK", "", "O", 23.43, 77.46, 0, 0],
		[111, "U3_13", 625, -222.37, "T", "SMD", "CLK", "", "O", 23.43, 77.46, 0, 0],
		[112, "U3_14", 575, -222.37, "T", "SMD", "+5V", "", "O", 23.43, 77.46, 0, 0],
		[113, "U4_1", 935, -1092.63, "T", "SMD", "RST", "", "O", 23.43, 77.46, 0, 0],
		[114, "U4_2", 985, -1092.63, "T", "SMD", "RST#", "", "O", 23.43, 77.46, 0, 0],
		[115, "U4_3", 1035, -1092.63, "T", "SMD", "MODE0#", "", "O", 23.43, 77.46, 0, 0],
		[116, "U4_4", 1085, -1092.63, "T", "SMD", "MODE0", "", "O", 23.43, 77.46, 0, 0],
		[117, "U4_5", 1135, -1092.63, "T", "SMD", "MODE1#", "", "O", 23.43, 77.46, 0, 0],
		[118, "U4_6", 1185, -1092.63, "T", "SMD", "MODE1", "", "O", 23.43, 77.46, 0, 0],
		[119, "U4_7", 1235, -1092.63, "T", "SMD", "GND", "GND", "O", 23.43, 77.46, 0, 0],
		[120, "U4_8", 1235, -877.37, "T", "SMD", "HLT#", "", "O", 23.43, 77.46, 0, 0],
		[121, "U4_9", 1185, -877.37, "T", "SMD", "HLT", "", "O", 23.43, 77.46, 0, 0],
		[122, "U4_10", 1135, -877.37, "T", "SMD", "MODE-RST", "", "O", 23.43, 77.46, 0, 0],
		[123, "U4_11", 1085, -877.37, "T", "SMD", "MODE-RST#", "", "O", 23.43, 77.46, 0, 0],
		[124, "U4_12", 1035, -877.37, "T", "SMD", "MODE2", "", "O", 23.43, 77.46, 0, 0],
		[125, "U4_13", 985, -877.37, "T", "SMD", "MODE2#", "", "O", 23.43, 77.46, 0, 0],
		[126, "U4_14", 935, -877.37, "T", "SMD", "+5V", "", "O", 23.43, 77.46, 0, 0],
		[127, "U5_1", 812.37, -330, "B", "SMD", "GND", "GND", "O", 23.62, 62.99, 0, 90],
		[128, "U5_2", 812.37, -380, "B", "SMD", "C0", "", "O", 23.62, 62.99, 0, 90],
		[129, "U5_3", 812.37, -430, "B", "SMD", "C1", "", "O", 23.62, 62.99, 0, 90],
		[130, "U5_4", 812.37, -480, "B", "SMD", "MODE0#", "", "O", 23.62, 62.99, 0, 90],
		[131, "U5_5", 812.37, -530, "B", "SMD", "MODE1#", "", "O", 23.62, 62.99, 0, 90],
		[132, "U5_6", 812.37, -580, "B", "SMD", "MODE2#", "", "O", 23.62, 62.99, 0, 90],
		[133, "U5_7", 812.37, -630, "B", "SMD", "MODE-RST#", "", "O", 23.62, 62.99, 0, 90],
		[134, "U5_8", 812.37, -680, "B", "SMD", "GND", "GND", "O", 23.62, 62.99, 0, 90],
		[135, "U5_9", 607.63, -680, "B", "SMD", "U5_9", "", "O", 23.62, 62.99, 0, 90],
		[136, "U5_10", 607.63, -630, "B", "SMD", "U5_10", "", "O", 23.62, 62.99, 0, 90],
		[137, "U5_11", 607.63, -580, "B", "SMD", "U5_11", "", "O", 23.62, 62.99, 0, 90],
		[138, "U5_12", 607.63, -530, "B", "SMD", "U5_12", "", "O", 23.62, 62.99, 0, 90],
		[139, "U5_13", 607.63, -480, "B", "SMD", "U5_13", "", "O", 23.62, 62.99, 0, 90],
		[140, "U5_14", 607.63, -430, "B", "SMD", "U5_14", "", "O", 23.62, 62.99, 0, 90],
		[141, "U5_15", 607.63, -380, "B", "SMD", "+5V", "", "O", 23.62, 62.99, 0, 90],
		[142, "U5_16", 607.63, -330, "B", "SMD", "+5V", "", "O", 23.62, 62.99, 0, 90],
		[143, "U6_1", 160, -1087.63, "T", "SMD", "MODE0", "", "O", 23.43, 77.46, 0, 0],
		[144, "U6_2", 210, -1087.63, "T", "SMD", "PULSE-TRG", "", "O", 23.43, 77.46, 0, 0],
		[145, "U6_3", 260, -1087.63, "T", "SMD", "$1N11017", "", "O", 23.43, 77.46, 0, 0],
		[146, "U6_4", 310, -1087.63, "T", "SMD", "MODE1", "", "O", 23.43, 77.46, 0, 0],
		[147, "U6_5", 360, -1087.63, "T", "SMD", "CLK-LS", "", "O", 23.43, 77.46, 0, 0],
		[148, "U6_6", 410, -1087.63, "T", "SMD", "$1N11023", "", "O", 23.43, 77.46, 0, 0],
		[149, "U6_7", 460, -1087.63, "T", "SMD", "GND", "GND", "O", 23.43, 77.46, 0, 0],
		[150, "U6_8", 460, -872.37, "T", "SMD", "CLK-NOT-HLT", "", "O", 23.43, 77.46, 0, 0],
		[151, "U6_9", 410, -872.37, "T", "SMD", "CLK-INT", "", "O", 23.43, 77.46, 0, 0],
		[152, "U6_10", 360, -872.37, "T", "SMD", "HLT#", "", "O", 23.43, 77.46, 0, 0],
		[153, "U6_11", 310, -872.37, "T", "SMD", "$1N11135", "", "O", 23.43, 77.46, 0, 0],
		[154, "U6_12", 260, -872.37, "T", "SMD", "CLK-HS", "", "O", 23.43, 77.46, 0, 0],
		[155, "U6_13", 210, -872.37, "T", "SMD", "MODE2", "", "O", 23.43, 77.46, 0, 0],
		[156, "U6_14", 160, -872.37, "T", "SMD", "+5V", "", "O", 23.43, 77.46, 0, 0]
	]
}
}